Date,Open,High,Low,Close,Adj Close,Volume
2015-01-02,27.84749984741211,27.860000610351562,26.837499618530273,27.332500457763672,24.237548828125,212818400
2015-01-05,27.072500228881836,27.162500381469727,26.352500915527344,26.5625,23.55474090576172,257142000
2015-01-06,26.635000228881836,26.857500076293945,26.157499313354492,26.565000534057617,23.556962966918945,263188400
2015-01-07,26.799999237060547,27.049999237060547,26.674999237060547,26.9375,23.88727569580078,160423600
2015-01-08,27.3075008392334,28.037500381469727,27.174999237060547,27.97249984741211,24.805084228515625,237458000
2015-01-09,28.167499542236328,28.3125,27.552499771118164,28.002500534057617,24.83168601989746,214798000
2015-01-12,28.149999618530273,28.157499313354492,27.200000762939453,27.3125,24.219812393188477,198603200
2015-01-13,27.857500076293945,28.200000762939453,27.227500915527344,27.55500030517578,24.434856414794922,268367600
2015-01-14,27.260000228881836,27.622499465942383,27.125,27.450000762939453,24.341747283935547,195826400
2015-01-15,27.5,27.514999389648438,26.665000915527344,26.704999923706055,23.681102752685547,240056000
2015-01-16,26.75749969482422,26.895000457763672,26.299999237060547,26.497499465942383,23.497098922729492,314053200
2015-01-20,26.959999084472656,27.24250030517578,26.625,27.18000030517578,24.102323532104492,199599600
2015-01-21,27.237499237060547,27.764999389648438,27.0674991607666,27.387500762939453,24.28632354736328,194303600
2015-01-22,27.565000534057617,28.11750030517578,27.43000030517578,28.100000381469727,24.918142318725586,215185600
2015-01-23,28.075000762939453,28.4375,27.88249969482422,28.2450008392334,25.046730041503906,185859200
2015-01-26,28.434999465942383,28.59000015258789,28.200000762939453,28.274999618530273,25.073331832885742,222460000
2015-01-27,28.104999542236328,28.1200008392334,27.25749969482422,27.28499984741211,24.19542694091797,382274800
2015-01-28,29.407499313354492,29.530000686645508,28.827499389648438,28.827499389648438,25.56326675415039,585908400
2015-01-29,29.079999923706055,29.797500610351562,28.889999389648438,29.725000381469727,26.35913848876953,337745600
2015-01-30,29.600000381469727,30.0,29.212499618530273,29.290000915527344,25.973392486572266,334982000
2015-02-02,29.512500762939453,29.792499542236328,29.020000457763672,29.657499313354492,26.29927635192871,250956400
2015-02-03,29.625,29.772499084472656,29.40250015258789,29.662500381469727,26.30371856689453,207662800
2015-02-04,29.625,30.127500534057617,29.577499389648438,29.889999389648438,26.505451202392578,280598800
2015-02-05,30.0049991607666,30.0575008392334,29.8125,29.985000610351562,26.694644927978516,168984800
2015-02-06,30.0049991607666,30.0625,29.612499237060547,29.732500076293945,26.469846725463867,174826400
2015-02-09,29.637500762939453,29.959999084472656,29.607500076293945,29.93000030517578,26.64566993713379,155559200
2015-02-10,30.042499542236328,30.537500381469727,30.040000915527344,30.5049991607666,27.157581329345703,248034000
2015-02-11,30.6924991607666,31.229999542236328,30.625,31.219999313354492,27.794118881225586,294247200
2015-02-12,31.514999389648438,31.8700008392334,31.392499923706055,31.614999771118164,28.145774841308594,297898000
2015-02-13,31.81999969482422,31.81999969482422,31.412500381469727,31.770000457763672,28.28376579284668,217088800
2015-02-17,31.872499465942383,32.220001220703125,31.729999542236328,31.957500457763672,28.450687408447266,252609600
2015-02-18,31.907499313354492,32.19499969482422,31.862499237060547,32.18000030517578,28.648773193359375,179566800
2015-02-19,32.119998931884766,32.25749969482422,32.08250045776367,32.11249923706055,28.58867835998535,149449600
2015-02-20,32.154998779296875,32.375,32.01250076293945,32.375,28.8223819732666,195793600
2015-02-23,32.505001068115234,33.25,32.415000915527344,33.25,29.601360321044922,283896400
2015-02-24,33.23500061035156,33.400001525878906,32.79249954223633,33.04249954223633,29.41663360595703,276912400
2015-02-25,32.88999938964844,32.900001525878906,32.037498474121094,32.1974983215332,28.664344787597656,298846800
2015-02-26,32.1974983215332,32.717498779296875,31.65250015258789,32.60499954223633,29.02713394165039,365150000
2015-02-27,32.5,32.64250183105469,32.060001373291016,32.1150016784668,28.590904235839844,248059200
2015-03-02,32.3125,32.56999969482422,32.07500076293945,32.272499084472656,28.73111915588379,192386800
2015-03-03,32.2400016784668,32.380001068115234,32.022499084472656,32.34000015258789,28.791221618652344,151265200
2015-03-04,32.275001525878906,32.38999938964844,32.08000183105469,32.1349983215332,28.60871696472168,126665200
2015-03-05,32.14500045776367,32.1875,31.440000534057617,31.602500915527344,28.134639739990234,226068400
2015-03-06,32.099998474121094,32.342498779296875,31.565000534057617,31.649999618530273,28.176931381225586,291368400
2015-03-09,31.989999771118164,32.39250183105469,31.264999389648438,31.78499984741211,28.29711151123047,354114000
2015-03-10,31.602500915527344,31.80500030517578,30.950000762939453,31.127500534057617,27.71176528930664,275426400
2015-03-11,31.1875,31.1924991607666,30.52750015258789,30.559999465942383,27.206531524658203,275756000
2015-03-12,30.577499389648438,31.225000381469727,30.407499313354492,31.112499237060547,27.698410034179688,193450800
2015-03-13,31.100000381469727,31.350000381469727,30.645000457763672,30.897499084472656,27.50700569152832,207309200
2015-03-16,30.969999313354492,31.237499237060547,30.717500686645508,31.237499237060547,27.80970001220703,143497200
2015-03-17,31.475000381469727,31.829999923706055,31.412500381469727,31.760000228881836,28.27486228942871,204092400
2015-03-18,31.75,32.290000915527344,31.592500686645508,32.11750030517578,28.593135833740234,261083600
2015-03-19,32.1875,32.3125,31.850000381469727,31.875,28.37724494934082,183238000
2015-03-20,32.0625,32.099998474121094,31.290000915527344,31.475000381469727,28.021137237548828,274780400
2015-03-23,31.780000686645508,31.962499618530273,31.6299991607666,31.802499771118164,28.31269645690918,150838800
2015-03-24,31.8075008392334,32.0099983215332,31.639999389648438,31.672500610351562,28.196962356567383,131369200
2015-03-25,31.635000228881836,31.704999923706055,30.844999313354492,30.844999313354492,27.460264205932617,206620800
2015-03-26,30.690000534057617,31.219999313354492,30.649999618530273,31.059999465942383,27.651674270629883,190291600
2015-03-27,31.142499923706055,31.174999237060547,30.727500915527344,30.8125,27.431333541870117,158184800
2015-03-30,31.012500762939453,31.600000381469727,31.0,31.592500686645508,28.12574577331543,188398800
2015-03-31,31.522499084472656,31.622499465942383,31.09000015258789,31.107500076293945,27.693967819213867,168362400
2015-04-01,31.204999923706055,31.280000686645508,30.774999618530273,31.0625,27.653898239135742,162485600
2015-04-02,31.25749969482422,31.389999389648438,31.047500610351562,31.329999923706055,27.89204978942871,128880400
2015-04-06,31.11750030517578,31.877500534057617,31.082500457763672,31.837499618530273,28.343856811523438,148776000
2015-04-07,31.90999984741211,32.029998779296875,31.4950008392334,31.502500534057617,28.045621871948242,140049200
2015-04-08,31.462499618530273,31.600000381469727,31.24250030517578,31.399999618530273,27.954368591308594,149316800
2015-04-09,31.462499618530273,31.645000457763672,31.165000915527344,31.639999389648438,28.168031692504883,129936000
2015-04-10,31.487499237060547,31.802499771118164,31.315000534057617,31.774999618530273,28.288217544555664,160752000
2015-04-13,32.092498779296875,32.14250183105469,31.65250015258789,31.712499618530273,28.232576370239258,145460400
2015-04-14,31.75,31.822500228881836,31.477500915527344,31.575000762939453,28.110157012939453,102098400
2015-04-15,31.602500915527344,31.782499313354492,31.502500534057617,31.69499969482422,28.21699333190918,115881600
2015-04-16,31.56999969482422,31.774999618530273,31.52750015258789,31.542499542236328,28.081233978271484,113476000
2015-04-17,31.387500762939453,31.53499984741211,31.114999771118164,31.1875,27.765180587768555,207828000
2015-04-20,31.392499923706055,32.029998779296875,31.292499542236328,31.899999618530273,28.39950180053711,188217200
2015-04-21,32.025001525878906,32.04999923706055,31.667499542236328,31.727500915527344,28.245927810668945,129740400
2015-04-22,31.747499465942383,32.217498779296875,31.579999923706055,32.154998779296875,28.626514434814453,150618000
2015-04-23,32.07500076293945,32.60499954223633,32.03499984741211,32.41749954223633,28.860206604003906,183083600
2015-04-24,32.622501373291016,32.657501220703125,32.307498931884766,32.56999969482422,28.99597930908203,178103600
2015-04-27,33.07749938964844,33.282501220703125,32.787498474121094,33.162498474121094,29.523462295532227,387816800
2015-04-28,33.6150016784668,33.6349983215332,32.39250183105469,32.63999938964844,29.05829620361328,475696000
2015-04-29,32.540000915527344,32.897499084472656,32.07500076293945,32.15999984741211,28.630966186523438,253544400
2015-04-30,32.15999984741211,32.15999984741211,31.145000457763672,31.287500381469727,27.85421371459961,332781600
2015-05-01,31.524999618530273,32.532501220703125,31.325000762939453,32.23749923706055,28.699962615966797,234050400
2015-05-04,32.375,32.64250183105469,32.064998626708984,32.17499923706055,28.64432144165039,203953200
2015-05-05,32.037498474121094,32.11249923706055,31.44499969482422,31.450000762939453,27.998872756958008,197085600
2015-05-06,31.639999389648438,31.6875,30.84000015258789,31.252500534057617,27.823049545288086,288564000
2015-05-07,31.1924991607666,31.520000457763672,31.0049991607666,31.315000534057617,27.995147705078125,175763600
2015-05-08,31.670000076293945,31.905000686645508,31.52750015258789,31.905000686645508,28.52260398864746,222201600
2015-05-11,31.84749984741211,31.889999389648438,31.407499313354492,31.579999923706055,28.232053756713867,168143200
2015-05-12,31.399999618530273,31.719999313354492,31.204999923706055,31.467500686645508,28.13148307800293,192640000
2015-05-13,31.537500381469727,31.797500610351562,31.467500686645508,31.502500534057617,28.16277313232422,138776800
2015-05-14,31.852500915527344,32.23749923706055,31.790000915527344,32.23749923706055,28.819849014282227,180814000
2015-05-15,32.26750183105469,32.372501373291016,32.0525016784668,32.192501068115234,28.77960968017578,152832000
2015-05-18,32.095001220703125,32.68000030517578,32.09000015258789,32.54750061035156,29.096973419189453,203531600
2015-05-19,32.67250061035156,32.720001220703125,32.40999984741211,32.51750183105469,29.070167541503906,178532800
2015-05-20,32.5,32.744998931884766,32.334999084472656,32.51499938964844,29.067920684814453,145819600
2015-05-21,32.51750183105469,32.907501220703125,32.45750045776367,32.84749984741211,29.36517906188965,158921600
2015-05-22,32.900001525878906,33.24250030517578,32.849998474121094,33.1349983215332,29.622194290161133,182384000
2015-05-26,33.150001525878906,33.227500915527344,32.279998779296875,32.404998779296875,28.96959114074707,282790400
2015-05-27,32.584999084472656,33.064998626708984,32.51250076293945,33.0099983215332,29.510452270507812,183332800
2015-05-28,32.96500015258789,32.98749923706055,32.775001525878906,32.94499969482422,29.452335357666016,122933200
2015-05-29,32.807498931884766,32.86249923706055,32.474998474121094,32.56999969482422,29.117097854614258,203538000
2015-06-01,32.56999969482422,32.84749984741211,32.51250076293945,32.6349983215332,29.175201416015625,128451200
2015-06-02,32.46500015258789,32.665000915527344,32.33000183105469,32.4900016784668,29.045576095581055,134670400
2015-06-03,32.665000915527344,32.73500061035156,32.474998474121094,32.529998779296875,29.08133316040039,123934000
2015-06-04,32.39500045776367,32.64500045776367,32.227500915527344,32.34000015258789,28.91147804260254,153800400
2015-06-05,32.375,32.42250061035156,32.09000015258789,32.162498474121094,28.75279426574707,142507200
2015-06-08,32.224998474121094,32.3025016784668,31.707500457763672,31.950000762939453,28.56282615661621,210699200
2015-06-09,31.674999237060547,32.02000045776367,31.405000686645508,31.854999542236328,28.4778995513916,224301600
2015-06-10,31.979999542236328,32.334999084472656,31.962499618530273,32.220001220703125,28.8042049407959,156349200
2015-06-11,32.29499816894531,32.54499816894531,32.119998931884766,32.147499084472656,28.739389419555664,141563600
2015-06-12,32.04750061035156,32.08250045776367,31.77750015258789,31.792499542236328,28.422019958496094,147544800
2015-06-15,31.524999618530273,31.809999465942383,31.427499771118164,31.729999542236328,28.36614990234375,175955600
2015-06-16,31.75749969482422,31.962499618530273,31.592500686645508,31.899999618530273,28.518129348754883,125976400
2015-06-17,31.93000030517578,31.969999313354492,31.684999465942383,31.825000762939453,28.451074600219727,131672400
2015-06-18,31.8075008392334,32.07749938964844,31.80500030517578,31.969999313354492,28.580707550048828,141628800
2015-06-19,31.927499771118164,31.954999923706055,31.600000381469727,31.649999618530273,28.294626235961914,218867600
2015-06-22,31.872499465942383,32.01499938964844,31.770000457763672,31.90250015258789,28.520362854003906,136157200
2015-06-23,31.8700008392334,31.90250015258789,31.719999313354492,31.75749969482422,28.390737533569336,121075600
2015-06-24,31.802499771118164,32.45000076293945,31.780000686645508,32.02750015258789,28.632110595703125,221123600
2015-06-25,32.21500015258789,32.29999923706055,31.875,31.875,28.49577522277832,127752400
2015-06-26,31.917499542236328,31.997499465942383,31.627500534057617,31.6875,28.328149795532227,176267200
2015-06-29,31.364999771118164,31.61750030517578,31.1200008392334,31.13249969482422,27.831985473632812,196645600
2015-06-30,31.392499923706055,31.530000686645508,31.21500015258789,31.357500076293945,28.033138275146484,177482800
2015-07-01,31.725000381469727,31.735000610351562,31.497499465942383,31.649999618530273,28.294626235961914,120955200
2015-07-02,31.607500076293945,31.672500610351562,31.4424991607666,31.610000610351562,28.258865356445312,108844000
2015-07-06,31.235000610351562,31.5575008392334,31.212499618530273,31.5,28.16053009033203,112241600
2015-07-07,31.47249984741211,31.537500381469727,30.9424991607666,31.422500610351562,28.09124755859375,187787200
2015-07-08,31.1200008392334,31.15999984741211,30.635000228881836,30.642499923706055,27.393936157226562,243046400
2015-07-09,30.962499618530273,31.014999389648438,29.80500030517578,30.017499923706055,26.8351993560791,314380000
2015-07-10,30.485000610351562,30.962499618530273,30.302499771118164,30.81999969482422,27.5526180267334,245418000
2015-07-13,31.25749969482422,31.440000534057617,31.079999923706055,31.415000915527344,28.084545135498047,165762000
2015-07-14,31.510000228881836,31.592500686645508,31.260000228881836,31.40250015258789,28.07337188720703,127072400
2015-07-15,31.43000030517578,31.787500381469727,31.395000457763672,31.704999923706055,28.343795776367188,134596800
2015-07-16,31.934999465942383,32.14250183105469,31.837499618530273,32.127498626708984,28.721506118774414,144889600
2015-07-17,32.27000045776367,32.404998779296875,32.07749938964844,32.404998779296875,28.96959114074707,184658800
2015-07-20,32.74250030517578,33.24250030517578,32.67499923706055,33.01750183105469,29.517152786254883,235600800
2015-07-21,33.212501525878906,33.22999954223633,32.58000183105469,32.6875,29.222139358520508,307025600
2015-07-22,30.497499465942383,31.375,30.497499465942383,31.30500030517578,27.986202239990234,461802400
2015-07-23,31.549999237060547,31.772499084472656,31.264999389648438,31.290000915527344,27.972795486450195,203998000
2015-07-24,31.329999923706055,31.434999465942383,30.975000381469727,31.125,27.825288772583008,168649200
2015-07-27,30.772499084472656,30.90250015258789,30.530000686645508,30.6924991607666,27.438634872436523,177822000
2015-07-28,30.844999313354492,30.977500915527344,30.637500762939453,30.844999313354492,27.57497215270996,134472400
2015-07-29,30.787500381469727,30.875,30.5674991607666,30.747499465942383,27.487810134887695,148046800
2015-07-30,30.579999923706055,30.642499923706055,30.427499771118164,30.592500686645508,27.34923553466797,134513200
2015-07-31,30.649999618530273,30.65999984741211,30.227500915527344,30.325000762939453,27.110103607177734,171540000
2015-08-03,30.375,30.642499923706055,29.3799991607666,29.610000610351562,26.470903396606445,279904000
2015-08-04,29.354999542236328,29.424999237060547,28.3125,28.65999984741211,25.621612548828125,496554400
2015-08-05,28.237499237060547,29.360000610351562,28.024999618530273,28.850000381469727,25.79146957397461,397250400
2015-08-06,28.99250030517578,29.125,28.530000686645508,28.782499313354492,25.847593307495117,211612000
2015-08-07,28.645000457763672,29.0625,28.625,28.8799991607666,25.935157775878906,154681600
2015-08-10,29.13249969482422,29.997499465942383,29.13249969482422,29.93000030517578,26.87808609008789,219806400
2015-08-11,29.452499389648438,29.545000076293945,28.332500457763672,28.372499465942383,25.479406356811523,388331200
2015-08-12,28.13249969482422,28.854999542236328,27.407499313354492,28.809999465942383,25.872289657592773,404870000
2015-08-13,29.010000228881836,29.100000381469727,28.635000228881836,28.787500381469727,25.85208511352539,194143200
2015-08-14,28.579999923706055,29.077499389648438,28.502500534057617,28.989999771118164,26.033937454223633,171718000
2015-08-17,29.010000228881836,29.412500381469727,28.875,29.290000915527344,26.303348541259766,163538800
2015-08-18,29.107500076293945,29.360000610351562,29.002500534057617,29.125,26.155170440673828,138242800
2015-08-19,29.024999618530273,29.1299991607666,28.670000076293945,28.752500534057617,25.820655822753906,193146000
2015-08-20,28.520000457763672,28.587499618530273,27.907499313354492,28.162500381469727,25.290821075439453,274006400
2015-08-21,27.607500076293945,27.975000381469727,26.412500381469727,26.440000534057617,23.743953704833984,513102000
2015-08-24,23.717500686645508,27.200000762939453,23.0,25.780000686645508,23.15125846862793,648825200
2015-08-25,27.77750015258789,27.77750015258789,25.875,25.934999465942383,23.290454864501953,414406400
2015-08-26,26.772499084472656,27.47249984741211,26.262500762939453,27.422500610351562,24.62627601623535,387098400
2015-08-27,28.0575008392334,28.309999465942383,27.5049991607666,28.229999542236328,25.3514347076416,338464400
2015-08-28,28.042499542236328,28.327499389648438,27.885000228881836,28.322500228881836,25.43450164794922,212657600
2015-08-31,28.00749969482422,28.63249969482422,28.0,28.190000534057617,25.315513610839844,224917200
2015-09-01,27.537500381469727,27.969999313354492,26.84000015258789,26.93000030517578,24.183990478515625,307383600
2015-09-02,27.5575008392334,28.084999084472656,27.282499313354492,28.084999084472656,25.221214294433594,247555200
2015-09-03,28.122499465942383,28.19499969482422,27.510000228881836,27.592500686645508,24.778940200805664,212935600
2015-09-04,27.24250030517578,27.612499237060547,27.127500534057617,27.3174991607666,24.531978607177734,199985200
2015-09-08,27.9375,28.139999389648438,27.579999923706055,28.077499389648438,25.214487075805664,219374400
2015-09-09,28.440000534057617,28.5049991607666,27.4424991607666,27.537500381469727,24.72954750061035,340043200
2015-09-10,27.5674991607666,28.31999969482422,27.475000381469727,28.142499923706055,25.272855758666992,251571200
2015-09-11,27.947500228881836,28.552499771118164,27.940000534057617,28.552499771118164,25.641056060791016,199662000
2015-09-14,29.145000457763672,29.22249984741211,28.71500015258789,28.827499389648438,25.888004302978516,233453600
2015-09-15,28.982500076293945,29.13249969482422,28.604999542236328,29.06999969482422,26.105777740478516,173364800
2015-09-16,29.0625,29.135000228881836,28.860000610351562,29.102500915527344,26.134971618652344,148694000
2015-09-17,28.915000915527344,29.122499465942383,28.43000030517578,28.479999542236328,25.575939178466797,256450400
2015-09-18,28.052499771118164,28.575000762939453,27.967500686645508,28.362499237060547,25.470420837402344,297141200
2015-09-21,28.417499542236328,28.842500686645508,28.415000915527344,28.802499771118164,25.86556053161621,200888000
2015-09-22,28.344999313354492,28.545000076293945,28.1299991607666,28.350000381469727,25.45920181274414,201384800
2015-09-23,28.407499313354492,28.68000030517578,28.325000762939453,28.579999923706055,25.66575050354004,143026800
2015-09-24,28.3125,28.875,28.092500686645508,28.75,25.81841468811035,200878000
2015-09-25,29.110000610351562,29.172500610351562,28.5049991607666,28.677499771118164,25.7533016204834,224607600
2015-09-28,28.462499618530273,28.642499923706055,28.110000610351562,28.110000610351562,25.24367332458496,208436000
2015-09-29,28.207500457763672,28.377500534057617,26.96500015258789,27.264999389648438,24.484834671020508,293461600
2015-09-30,27.542499542236328,27.885000228881836,27.1825008392334,27.575000762939453,24.763219833374023,265892000
2015-10-01,27.267499923706055,27.405000686645508,26.827499389648438,27.395000457763672,24.60157585144043,255716400
2015-10-02,27.002500534057617,27.752500534057617,26.887500762939453,27.594999313354492,24.78118324279785,232079200
2015-10-05,27.469999313354492,27.842500686645508,27.267499923706055,27.69499969482422,24.870988845825195,208258800
2015-10-06,27.657499313354492,27.934999465942383,27.4424991607666,27.827499389648438,24.98997688293457,192787200
2015-10-07,27.934999465942383,27.9424991607666,27.352500915527344,27.69499969482422,24.870988845825195,187062400
2015-10-08,27.547500610351562,27.547500610351562,27.052499771118164,27.375,24.583620071411133,247918400
2015-10-09,27.5,28.06999969482422,27.372499465942383,28.030000686645508,25.171833038330078,211064400
2015-10-12,28.1825008392334,28.1875,27.860000610351562,27.899999618530273,25.055084228515625,121868800
2015-10-13,27.704999923706055,28.112499237060547,27.670000076293945,27.947500228881836,25.097740173339844,132197200
2015-10-14,27.822500228881836,27.8799991607666,27.389999389648438,27.552499771118164,24.743019104003906,177849600
2015-10-15,27.732500076293945,28.024999618530273,27.622499465942383,27.96500015258789,25.11345863342285,150694000
2015-10-16,27.94499969482422,28.0,27.63249969482422,27.760000228881836,24.929357528686523,156930400
2015-10-19,27.700000762939453,27.9375,27.52750015258789,27.9325008392334,25.084266662597656,119036800
2015-10-20,27.834999084472656,28.542499542236328,27.704999923706055,28.4424991607666,25.542266845703125,195871200
2015-10-21,28.5,28.895000457763672,28.424999237060547,28.440000534057617,25.540019989013672,167180800
2015-10-22,28.582500457763672,28.875,28.524999618530273,28.875,25.930667877197266,166616400
2015-10-23,29.174999237060547,29.8075008392334,29.082500457763672,29.770000457763672,26.734405517578125,237467600
2015-10-26,29.520000457763672,29.532499313354492,28.729999542236328,28.81999969482422,25.881271362304688,265335200
2015-10-27,28.850000381469727,29.135000228881836,28.497499465942383,28.637500762939453,25.71738624572754,279537600
2015-10-28,29.232500076293945,29.825000762939453,29.014999389648438,29.8174991607666,26.777061462402344,342205600
2015-10-29,29.674999237060547,30.172500610351562,29.5674991607666,30.13249969482422,27.059938430786133,204909200
2015-10-30,30.247499465942383,30.30500030517578,29.862499237060547,29.875,26.828699111938477,197461200
2015-11-02,30.200000762939453,30.34000015258789,29.90250015258789,30.295000076293945,27.205873489379883,128813200
2015-11-03,30.197500228881836,30.872499465942383,30.174999237060547,30.642499923706055,27.517932891845703,182076000
2015-11-04,30.782499313354492,30.954999923706055,30.405000686645508,30.5,27.389965057373047,179544400
2015-11-05,30.462499618530273,30.672500610351562,30.045000076293945,30.229999542236328,27.263704299926758,158210800
2015-11-06,30.27750015258789,30.452499389648438,30.155000686645508,30.264999389648438,27.295269012451172,132169200
2015-11-09,30.239999771118164,30.452499389648438,30.012500762939453,30.142499923706055,27.184789657592773,135485600
2015-11-10,29.225000381469727,29.517499923706055,29.014999389648438,29.1924991607666,26.3280086517334,236511600
2015-11-11,29.092500686645508,29.354999542236328,28.802499771118164,29.02750015258789,26.1791934967041,180872000
2015-11-12,29.065000534057617,29.204999923706055,28.912500381469727,28.93000030517578,26.091270446777344,130102400
2015-11-13,28.799999237060547,28.892499923706055,28.0674991607666,28.084999084472656,25.329172134399414,183249600
2015-11-16,27.844999313354492,28.559999465942383,27.75,28.545000076293945,25.74404525756836,152426800
2015-11-17,28.729999542236328,28.762500762939453,28.329999923706055,28.422500610351562,25.633563995361328,110467600
2015-11-18,28.940000534057617,29.372499465942383,28.875,29.322500228881836,26.445249557495117,186698800
2015-11-19,29.40999984741211,29.9375,29.190000534057617,29.69499969482422,26.78120231628418,173183200
2015-11-20,29.799999237060547,29.979999542236328,29.712499618530273,29.825000762939453,26.898447036743164,137148400
2015-11-23,29.8174991607666,29.9325008392334,29.334999084472656,29.4375,26.548967361450195,129930000
2015-11-24,29.332500457763672,29.837499618530273,29.280000686645508,29.719999313354492,26.80375099182129,171212800
2015-11-25,29.802499771118164,29.8075008392334,29.479999542236328,29.50749969482422,26.61209487915039,85553200
2015-11-27,29.572500228881836,29.602500915527344,29.399999618530273,29.452499389648438,26.56249237060547,52185600
2015-11-30,29.497499465942383,29.852500915527344,29.4375,29.575000762939453,26.672975540161133,156721200
2015-12-01,29.6875,29.702499389648438,29.21500015258789,29.334999084472656,26.456525802612305,139409600
2015-12-02,29.334999084472656,29.52750015258789,29.020000457763672,29.06999969482422,26.2175235748291,133546400
2015-12-03,29.137500762939453,29.197500228881836,28.55500030517578,28.799999237060547,25.974023818969727,166278000
2015-12-04,28.822500228881836,29.8125,28.77750015258789,29.75749969482422,26.837568283081055,231108000
2015-12-07,29.7450008392334,29.96500015258789,29.452499389648438,29.56999969482422,26.66846466064453,128336800
2015-12-08,29.3799991607666,29.649999618530273,29.21500015258789,29.5575008392334,26.65719223022461,137238000
2015-12-09,29.40999984741211,29.422500610351562,28.770000457763672,28.905000686645508,26.06871795654297,185445600
2015-12-10,29.010000228881836,29.235000610351562,28.877500534057617,29.042499542236328,26.192729949951172,116850800
2015-12-11,28.797500610351562,28.84749984741211,28.212499618530273,28.295000076293945,25.518571853637695,187544800
2015-12-14,28.045000076293945,28.170000076293945,27.447500228881836,28.1200008392334,25.360748291015625,257274800
2015-12-15,27.985000610351562,28.200000762939453,27.587499618530273,27.622499465942383,24.912067413330078,213292400
2015-12-16,27.767499923706055,27.997499465942383,27.200000762939453,27.834999084472656,25.103713989257812,224954000
2015-12-17,28.0049991607666,28.0625,27.2450008392334,27.2450008392334,24.571605682373047,179091200
2015-12-18,27.227500915527344,27.3799991607666,26.452499389648438,26.50749969482422,23.906469345092773,385813200
2015-12-21,26.81999969482422,26.842500686645508,26.392499923706055,26.832500457763672,24.1995849609375,190362400
2015-12-22,26.850000381469727,26.93000030517578,26.612499237060547,26.8075008392334,24.177034378051758,131157600
2015-12-23,26.8174991607666,27.212499618530273,26.799999237060547,27.15250015258789,24.48818016052246,130629600
2015-12-24,27.25,27.25,26.987499237060547,27.00749969482422,24.357410430908203,54281600
2015-12-28,26.897499084472656,26.922500610351562,26.545000076293945,26.704999923706055,24.084592819213867,106816800
2015-12-29,26.739999771118164,27.357500076293945,26.71500015258789,27.184999465942383,24.51749610900879,123724800
2015-12-30,27.145000457763672,27.174999237060547,26.795000076293945,26.829999923706055,24.19732666015625,100855200
2015-12-31,26.752500534057617,26.75749969482422,26.204999923706055,26.315000534057617,23.732866287231445,163649200
2016-01-04,25.65250015258789,26.342500686645508,25.5,26.337499618530273,23.753143310546875,270597600
2016-01-05,26.4375,26.462499618530273,25.602500915527344,25.677499771118164,23.15791130065918,223164000
2016-01-06,25.139999389648438,25.592500686645508,24.967500686645508,25.174999237060547,22.70471954345703,273829600
2016-01-07,24.670000076293945,25.032499313354492,24.107500076293945,24.112499237060547,21.746479034423828,324377600
2016-01-08,24.637500762939453,24.77750015258789,24.190000534057617,24.239999771118164,21.861473083496094,283192000
2016-01-11,24.74250030517578,24.764999389648438,24.334999084472656,24.63249969482422,22.215456008911133,198957600
2016-01-12,25.137500762939453,25.172500610351562,24.709999084472656,24.989999771118164,22.537878036499023,196616800
2016-01-13,25.079999923706055,25.297500610351562,24.325000762939453,24.34749984741211,21.958415985107422,249758400
2016-01-14,24.489999771118164,25.1200008392334,23.934999465942383,24.8799991607666,22.43866729736328,252680400
2016-01-15,24.049999237060547,24.427499771118164,23.84000015258789,24.282499313354492,21.899797439575195,319335600
2016-01-19,24.602500915527344,24.662500381469727,23.875,24.165000915527344,21.793827056884766,212350800
2016-01-20,23.774999618530273,24.547500610351562,23.354999542236328,24.197500228881836,21.823144912719727,289337600
2016-01-21,24.264999389648438,24.469999313354492,23.735000610351562,24.075000762939453,21.71265983581543,208646000
2016-01-22,24.657499313354492,25.364999771118164,24.592500686645508,25.354999542236328,22.8670597076416,263202000
2016-01-25,25.3799991607666,25.38249969482422,24.802499771118164,24.860000610351562,22.42063331604004,207178000
2016-01-26,24.982500076293945,25.219999313354492,24.517499923706055,24.997499465942383,22.544633865356445,300308000
2016-01-27,24.010000228881836,24.157499313354492,23.334999084472656,23.354999542236328,21.063304901123047,533478800
2016-01-28,23.447500228881836,23.6299991607666,23.09749984741211,23.522499084472656,21.214374542236328,222715200
2016-01-29,23.697500228881836,24.334999084472656,23.587499618530273,24.334999084472656,21.947145462036133,257666000
2016-02-01,24.11750030517578,24.177499771118164,23.850000381469727,24.107500076293945,21.741962432861328,163774000
2016-02-02,23.854999542236328,24.010000228881836,23.56999969482422,23.6200008392334,21.302303314208984,149428800
2016-02-03,23.75,24.209999084472656,23.520000457763672,24.087499618530273,21.72393226623535,183857200
2016-02-04,23.96500015258789,24.332500457763672,23.797500610351562,24.149999618530273,21.898483276367188,185886800
2016-02-05,24.1299991607666,24.229999542236328,23.422500610351562,23.5049991607666,21.313613891601562,185672400
2016-02-08,23.282499313354492,23.924999237060547,23.260000228881836,23.752500534057617,21.538043975830078,216085600
2016-02-09,23.572500228881836,23.985000610351562,23.482500076293945,23.747499465942383,21.53350830078125,177324800
2016-02-10,23.979999542236328,24.087499618530273,23.524999618530273,23.5674991607666,21.370290756225586,169374400
2016-02-11,23.447500228881836,23.68000030517578,23.147499084472656,23.424999237060547,21.24107551574707,200298800
2016-02-12,23.547500610351562,23.625,23.252500534057617,23.497499465942383,21.306819915771484,161405600
2016-02-16,23.7549991607666,24.212499618530273,23.65250015258789,24.15999984741211,21.90755271911621,196231600
2016-02-17,24.167499542236328,24.552499771118164,24.037500381469727,24.530000686645508,22.243061065673828,179452800
2016-02-18,24.709999084472656,24.72249984741211,24.022499084472656,24.065000534057617,21.82140350341797,156084000
2016-02-19,24.0,24.190000534057617,23.950000762939453,24.010000228881836,21.771533966064453,141496800
2016-02-22,24.077499389648438,24.225000381469727,23.979999542236328,24.219999313354492,21.961957931518555,137123200
2016-02-23,24.100000381469727,24.125,23.637500762939453,23.672500610351562,21.465499877929688,127770400
2016-02-24,23.4950008392334,24.094999313354492,23.329999923706055,24.024999618530273,21.78514289855957,145022800
2016-02-25,24.012500762939453,24.190000534057617,23.8125,24.190000534057617,21.934757232666016,110330800
2016-02-26,24.299999237060547,24.5049991607666,24.145000457763672,24.227500915527344,21.968761444091797,115964400
2016-02-29,24.21500015258789,24.5575008392334,24.162500381469727,24.172500610351562,21.91888427734375,140865200
2016-03-01,24.412500381469727,25.1924991607666,24.354999542236328,25.13249969482422,22.789379119873047,201628400
2016-03-02,25.127500534057617,25.22249984741211,24.90999984741211,25.1875,22.839258193969727,132678400
2016-03-03,25.145000457763672,25.427499771118164,25.112499237060547,25.375,23.009275436401367,147822800
2016-03-04,25.592500686645508,25.9375,25.342500686645508,25.752500534057617,23.351581573486328,184220400
2016-03-07,25.59749984741211,25.707500457763672,25.239999771118164,25.467500686645508,23.093149185180664,143315600
2016-03-08,25.19499969482422,25.440000534057617,25.100000381469727,25.25749969482422,22.90273094177246,126247600
2016-03-09,25.327499389648438,25.395000457763672,25.0674991607666,25.280000686645508,22.92313575744629,108806800
2016-03-10,25.352500915527344,25.559999465942383,25.037500381469727,25.292499542236328,22.934473037719727,134054400
2016-03-11,25.559999465942383,25.56999969482422,25.375,25.565000534057617,23.181568145751953,109632800
2016-03-14,25.477500915527344,25.727500915527344,25.44499969482422,25.6299991607666,23.240497589111328,100304400
2016-03-15,25.989999771118164,26.295000076293945,25.962499618530273,26.145000457763672,23.707494735717773,160270800
2016-03-16,26.15250015258789,26.577499389648438,26.147499084472656,26.49250030517578,24.0225887298584,153214000
2016-03-17,26.3799991607666,26.61750030517578,26.239999771118164,26.450000762939453,23.984058380126953,137682800
2016-03-18,26.584999084472656,26.625,26.297500610351562,26.479999542236328,24.01125717163086,176820800
2016-03-21,26.482500076293945,26.912500381469727,26.28499984741211,26.477500915527344,24.008991241455078,142010800
2016-03-22,26.3125,26.822500228881836,26.302499771118164,26.68000030517578,24.192609786987305,129777600
2016-03-23,26.6200008392334,26.767499923706055,26.475000381469727,26.532499313354492,24.05885887145996,102814000
2016-03-24,26.36750030517578,26.5625,26.22249984741211,26.417499542236328,23.95458984375,104532000
2016-03-28,26.5,26.547500610351562,26.264999389648438,26.297500610351562,23.84576988220215,77645600
2016-03-29,26.22249984741211,26.947500228881836,26.219999313354492,26.920000076293945,24.410236358642578,124760400
2016-03-30,27.162500381469727,27.604999542236328,27.149999618530273,27.389999389648438,24.836416244506836,182404400
2016-03-31,27.43000030517578,27.475000381469727,27.219999313354492,27.247499465942383,24.70720672607422,103553600
2016-04-01,27.19499969482422,27.5,27.049999237060547,27.497499465942383,24.93389129638672,103496000
2016-04-04,27.604999542236328,28.047500610351562,27.5674991607666,27.780000686645508,25.190061569213867,149424800
2016-04-05,27.377500534057617,27.6825008392334,27.354999542236328,27.452499389648438,24.893095016479492,106314800
2016-04-06,27.5575008392334,27.7450008392334,27.299999237060547,27.739999771118164,25.153783798217773,105616400
2016-04-07,27.487499237060547,27.604999542236328,27.030000686645508,27.135000228881836,24.605194091796875,127207600
2016-04-08,27.227500915527344,27.4424991607666,27.042499542236328,27.165000915527344,24.63239097595215,94326800
2016-04-11,27.24250030517578,27.65250015258789,27.207500457763672,27.2549991607666,24.714004516601562,117630000
2016-04-12,27.334999084472656,27.625,27.165000915527344,27.610000610351562,25.035905838012695,108929200
2016-04-13,27.700000762939453,28.084999084472656,27.700000762939453,28.010000228881836,25.39861297607422,133029200
2016-04-14,27.905000686645508,28.09749984741211,27.832500457763672,28.024999618530273,25.412214279174805,101895600
2016-04-15,28.02750015258789,28.075000762939453,27.4325008392334,27.462499618530273,24.90215492248535,187756000
2016-04-18,27.22249984741211,27.237499237060547,26.735000610351562,26.8700008392334,24.364896774291992,243286000
2016-04-19,26.969999313354492,27.0,26.5575008392334,26.727500915527344,24.23568344116211,129539600
2016-04-20,26.65999984741211,27.022499084472656,26.514999389648438,26.782499313354492,24.285552978515625,122444000
2016-04-21,26.732500076293945,26.732500076293945,26.3799991607666,26.49250030517578,24.0225887298584,126210000
2016-04-22,26.252500534057617,26.6200008392334,26.155000686645508,26.420000076293945,23.956850051879883,134732400
2016-04-25,26.25,26.412500381469727,26.127500534057617,26.270000457763672,23.820831298828125,112126400
2016-04-26,25.977500915527344,26.325000762939453,25.977500915527344,26.087499618530273,23.655353546142578,224064800
2016-04-27,24.0,24.677499771118164,23.920000076293945,24.454999923706055,22.1750545501709,458408400
2016-04-28,24.40250015258789,24.469999313354492,23.5625,23.707500457763672,21.49724006652832,328970800
2016-04-29,23.497499465942383,23.68000030517578,23.127500534057617,23.434999465942383,21.25014305114746,274126000
2016-05-02,23.49250030517578,23.520000457763672,23.100000381469727,23.40999984741211,21.22747802734375,192640400
2016-05-03,23.549999237060547,23.934999465942383,23.420000076293945,23.795000076293945,21.576576232910156,227325200
2016-05-04,23.799999237060547,23.975000381469727,23.454999923706055,23.547500610351562,21.352163314819336,164102000
2016-05-05,23.5,23.517499923706055,23.170000076293945,23.309999465942383,21.265485763549805,143562000
2016-05-06,23.342500686645508,23.362499237060547,22.962499618530273,23.18000030517578,21.146888732910156,174799600
2016-05-09,23.25,23.4424991607666,23.147499084472656,23.197500228881836,21.162853240966797,131745600
2016-05-10,23.332500457763672,23.392499923706055,23.02750015258789,23.354999542236328,21.306537628173828,134747200
2016-05-11,23.3700008392334,23.392499923706055,23.114999771118164,23.127500534057617,21.098989486694336,114876400
2016-05-12,23.18000030517578,23.19499969482422,22.36750030517578,22.584999084472656,20.604080200195312,305258800
2016-05-13,22.5,22.917499542236328,22.5,22.6299991607666,20.645126342773438,177571200
2016-05-16,23.09749984741211,23.59749984741211,22.912500381469727,23.469999313354492,21.411453247070312,245039200
2016-05-17,23.637500762939453,23.674999237060547,23.252500534057617,23.372499465942383,21.322505950927734,187667600
2016-05-18,23.540000915527344,23.802499771118164,23.47249984741211,23.639999389648438,21.566543579101562,168249600
2016-05-19,23.65999984741211,23.65999984741211,23.392499923706055,23.549999237060547,21.484439849853516,121768400
2016-05-20,23.65999984741211,23.857500076293945,23.6299991607666,23.80500030517578,21.717071533203125,128104000
2016-05-23,23.967500686645508,24.297500610351562,23.917499542236328,24.107500076293945,21.9930362701416,152074400
2016-05-24,24.30500030517578,24.522499084472656,24.209999084472656,24.475000381469727,22.32830238342285,140560800
2016-05-25,24.667499542236328,24.934999465942383,24.52750015258789,24.905000686645508,22.72058868408203,152675200
2016-05-26,24.920000076293945,25.1825008392334,24.65999984741211,25.102500915527344,22.900766372680664,225324800
2016-05-27,24.860000610351562,25.11750030517578,24.8125,25.087499618530273,22.887088775634766,145364800
2016-05-31,24.899999618530273,25.100000381469727,24.704999923706055,24.96500015258789,22.775331497192383,169228800
2016-06-01,24.7549991607666,24.885000228881836,24.582500457763672,24.614999771118164,22.456029891967773,116693200
2016-06-02,24.399999618530273,24.459999084472656,24.157499313354492,24.43000030517578,22.28725814819336,160766400
2016-06-03,24.447500228881836,24.5674991607666,24.362499237060547,24.479999542236328,22.33286476135254,114019600
2016-06-06,24.497499465942383,25.47249984741211,24.387500762939453,24.657499313354492,22.494800567626953,93170000
2016-06-07,24.8125,24.967500686645508,24.739999771118164,24.75749969482422,22.586029052734375,89638000
2016-06-08,24.7549991607666,24.889999389648438,24.670000076293945,24.735000610351562,22.565500259399414,83392400
2016-06-09,24.625,24.997499465942383,24.614999771118164,24.912500381469727,22.727434158325195,106405600
2016-06-10,24.63249969482422,24.837499618530273,24.6200008392334,24.707500457763672,22.540420532226562,126851600
2016-06-13,24.672500610351562,24.780000686645508,24.274999618530273,24.334999084472656,22.200584411621094,152082000
2016-06-14,24.329999923706055,24.6200008392334,24.1875,24.364999771118164,22.227951049804688,127727600
2016-06-15,24.454999923706055,24.602500915527344,24.25749969482422,24.28499984741211,22.15496826171875,117780800
2016-06-16,24.112499237060547,24.4375,24.017499923706055,24.387500762939453,22.24848175048828,125307200
2016-06-17,24.155000686645508,24.162500381469727,23.825000762939453,23.832500457763672,21.74216079711914,244032800
2016-06-20,24.0,24.142499923706055,23.75749969482422,23.774999618530273,21.689706802368164,137647600
2016-06-21,23.735000610351562,24.087499618530273,23.670000076293945,23.977500915527344,21.87443733215332,142185600
2016-06-22,24.0625,24.22249984741211,23.837499618530273,23.887500762939453,21.792327880859375,116876400
2016-06-23,23.985000610351562,24.072500228881836,23.8125,24.024999618530273,21.91777992248535,128960800
2016-06-24,23.227500915527344,23.665000915527344,23.162500381469727,23.350000381469727,21.30198097229004,301245600
2016-06-27,23.25,23.262500762939453,22.875,23.010000228881836,20.991802215576172,181958400
2016-06-28,23.225000381469727,23.415000915527344,23.03499984741211,23.397499084472656,21.345308303833008,161779600
2016-06-29,23.49250030517578,23.637500762939453,23.407499313354492,23.600000381469727,21.530052185058594,146124000
2016-06-30,23.610000610351562,23.9424991607666,23.575000762939453,23.899999618530273,21.803739547729492,143345600
2016-07-01,23.872499465942383,24.11750030517578,23.832500457763672,23.97249984741211,21.86988639831543,104106000
2016-07-05,23.84749984741211,23.850000381469727,23.614999771118164,23.747499465942383,21.66461753845215,110820800
2016-07-06,23.649999618530273,23.915000915527344,23.592500686645508,23.88249969482422,21.787769317626953,123796400
2016-07-07,23.924999237060547,24.125,23.905000686645508,23.985000610351562,21.881284713745117,100558400
2016-07-08,24.122499465942383,24.22249984741211,24.012500762939453,24.170000076293945,22.05005645751953,115648400
2016-07-11,24.1875,24.412500381469727,24.1825008392334,24.2450008392334,22.118480682373047,95179600
2016-07-12,24.292499542236328,24.424999237060547,24.280000686645508,24.354999542236328,22.218833923339844,96670000
2016-07-13,24.352500915527344,24.417499542236328,24.209999084472656,24.217500686645508,22.093385696411133,103568800
2016-07-14,24.34749984741211,24.747499465942383,24.329999923706055,24.697500228881836,22.531293869018555,155676000
2016-07-15,24.729999542236328,24.825000762939453,24.625,24.69499969482422,22.529014587402344,120548000
2016-07-18,24.674999237060547,25.032499313354492,24.649999618530273,24.957500457763672,22.76849365234375,145975600
2016-07-19,24.889999389648438,25.0,24.834999084472656,24.967500686645508,22.77760887145996,95119600
2016-07-20,25.0,25.114999771118164,24.934999465942383,24.989999771118164,22.798133850097656,105104000
2016-07-21,24.957500457763672,25.25,24.782499313354492,24.857500076293945,22.67725372314453,130808000
2016-07-22,24.815000534057617,24.825000762939453,24.577499389648438,24.665000915527344,22.501636505126953,113254800
2016-07-25,24.5625,24.709999084472656,24.229999542236328,24.334999084472656,22.200584411621094,161531600
2016-07-26,24.204999923706055,24.49250030517578,24.104999542236328,24.167499542236328,22.047780990600586,224959200
2016-07-27,26.0674991607666,26.087499618530273,25.6875,25.737499237060547,23.480073928833008,369379200
2016-07-28,25.707500457763672,26.112499237060547,25.704999923706055,26.084999084472656,23.797096252441406,159479200
2016-07-29,26.047500610351562,26.137500762939453,25.920000076293945,26.052499771118164,23.767446517944336,110934800
2016-08-01,26.102500915527344,26.537500381469727,26.102500915527344,26.512500762939453,24.187097549438477,152671600
2016-08-02,26.512500762939453,26.517499923706055,26.0,26.1200008392334,23.82902717590332,135266400
2016-08-03,26.202499389648438,26.459999084472656,26.1924991607666,26.447500228881836,24.12779998779297,120810400
2016-08-04,26.395000457763672,26.5,26.31999969482422,26.467500686645508,24.276853561401367,109634800
2016-08-05,26.5674991607666,26.912500381469727,26.545000076293945,26.8700008392334,24.646039962768555,162213600
2016-08-08,26.8799991607666,27.092500686645508,26.790000915527344,27.092500686645508,24.850122451782227,112148800
2016-08-09,27.0575008392334,27.235000610351562,27.002500534057617,27.202499389648438,24.951011657714844,105260800
2016-08-10,27.177499771118164,27.225000381469727,26.940000534057617,27.0,24.765277862548828,96034000
2016-08-11,27.1299991607666,27.232500076293945,26.962499618530273,26.982500076293945,24.749221801757812,109938000
2016-08-12,26.94499969482422,27.110000610351562,26.94499969482422,27.045000076293945,24.80655288696289,74641600
2016-08-15,27.03499984741211,27.385000228881836,27.020000457763672,27.3700008392334,25.104652404785156,103472800
2016-08-16,27.407499313354492,27.5575008392334,27.302499771118164,27.344999313354492,25.081722259521484,135177600
2016-08-17,27.274999618530273,27.342500686645508,27.084999084472656,27.30500030517578,25.045032501220703,101424000
2016-08-18,27.3075008392334,27.399999618530273,27.2549991607666,27.270000457763672,25.01293182373047,87938800
2016-08-19,27.1924991607666,27.422500610351562,27.09000015258789,27.34000015258789,25.07713508605957,101472400
2016-08-22,27.21500015258789,27.274999618530273,26.962499618530273,27.127500534057617,24.882221221923828,103280800
2016-08-23,27.147499084472656,27.329999923706055,27.13249969482422,27.212499618530273,24.960186004638672,85030800
2016-08-24,27.142499923706055,27.1875,26.920000076293945,27.00749969482422,24.772157669067383,94700400
2016-08-25,26.84749984741211,26.969999313354492,26.670000076293945,26.892499923706055,24.666677474975586,100344800
2016-08-26,26.852500915527344,26.987499237060547,26.577499389648438,26.735000610351562,24.5222110748291,111065200
2016-08-29,26.655000686645508,26.860000610351562,26.572500228881836,26.704999923706055,24.494688034057617,99881200
2016-08-30,26.450000762939453,26.625,26.375,26.5,24.30665397644043,99455600
2016-08-31,26.415000915527344,26.642499923706055,26.40999984741211,26.524999618530273,24.32958984375,118649600
2016-09-01,26.53499984741211,26.700000762939453,26.405000686645508,26.6825008392334,24.47405433654785,106806000
2016-09-02,26.924999237060547,27.0,26.704999923706055,26.9325008392334,24.703359603881836,107210000
2016-09-06,26.975000381469727,27.075000762939453,26.877500534057617,26.924999237060547,24.696483612060547,107521600
2016-09-07,26.957500457763672,27.190000534057617,26.767499923706055,27.09000015258789,24.84782600402832,169457200
2016-09-08,26.8125,26.8174991607666,26.309999465942383,26.3799991607666,24.196596145629883,212008000
2016-09-09,26.15999984741211,26.43000030517578,25.782499313354492,25.782499313354492,23.64854621887207,186228000
2016-09-12,25.662500381469727,26.43000030517578,25.63249969482422,26.360000610351562,24.17824363708496,181171200
2016-09-13,26.877500534057617,27.197500228881836,26.809999465942383,26.987499237060547,24.753807067871094,248704800
2016-09-14,27.1825008392334,28.25749969482422,27.149999618530273,27.9424991607666,25.62976837158203,443554800
2016-09-15,28.46500015258789,28.9325008392334,28.372499465942383,28.892499923706055,26.50113868713379,359934400
2016-09-16,28.780000686645508,29.032499313354492,28.510000228881836,28.729999542236328,26.352092742919922,319547600
2016-09-19,28.797500610351562,29.045000076293945,28.3125,28.395000457763672,26.04481315612793,188092000
2016-09-20,28.262500762939453,28.530000686645508,28.127500534057617,28.392499923706055,26.04252052307129,138057200
2016-09-21,28.462499618530273,28.497499465942383,28.110000610351562,28.387500762939453,26.037939071655273,144012800
2016-09-22,28.587499618530273,28.735000610351562,28.5,28.655000686645508,26.28329849243164,124296000
2016-09-23,28.604999542236328,28.697500228881836,27.887500762939453,28.177499771118164,25.845314025878906,209924800
2016-09-26,27.90999984741211,28.34749984741211,27.887500762939453,28.219999313354492,25.884300231933594,119477600
2016-09-27,28.25,28.295000076293945,28.084999084472656,28.272499084472656,25.932456970214844,98429600
2016-09-28,28.422500610351562,28.65999984741211,28.357500076293945,28.487499237060547,26.129657745361328,118564400
2016-09-29,28.290000915527344,28.450000762939453,27.950000762939453,28.045000076293945,25.723787307739258,143548000
2016-09-30,28.114999771118164,28.342500686645508,27.950000762939453,28.262500762939453,25.923282623291016,145516400
2016-10-03,28.177499771118164,28.262500762939453,28.06999969482422,28.1299991607666,25.80175018310547,86807200
2016-10-04,28.264999389648438,28.577499389648438,28.157499313354492,28.25,25.911819458007812,118947200
2016-10-05,28.350000381469727,28.415000915527344,28.172500610351562,28.262500762939453,25.923282623291016,85812400
2016-10-06,28.424999237060547,28.584999084472656,28.282499313354492,28.47249984741211,26.115901947021484,115117200
2016-10-07,28.577499389648438,28.639999389648438,28.377500534057617,28.514999389648438,26.154878616333008,97433600
2016-10-10,28.7549991607666,29.1875,28.68000030517578,29.012500762939453,26.611209869384766,144944000
2016-10-11,29.424999237060547,29.672500610351562,29.049999237060547,29.075000762939453,26.66853141784668,256164000
2016-10-12,29.337499618530273,29.4950008392334,29.1875,29.334999084472656,26.90701675415039,150347200
2016-10-13,29.197500228881836,29.360000610351562,28.93000030517578,29.2450008392334,26.824462890625,140769600
2016-10-14,29.469999313354492,29.542499542236328,29.282499313354492,29.407499313354492,26.973512649536133,142608800
2016-10-17,29.332500457763672,29.459999084472656,29.19499969482422,29.387500762939453,26.955169677734375,94499600
2016-10-18,29.545000076293945,29.552499771118164,29.362499237060547,29.36750030517578,26.93682098388672,98214000
2016-10-19,29.3125,29.440000534057617,28.450000762939453,29.280000686645508,26.8565673828125,80138400
2016-10-20,29.21500015258789,29.344999313354492,29.082500457763672,29.264999389648438,26.84280776977539,96503200
2016-10-21,29.202499389648438,29.227500915527344,29.06999969482422,29.149999618530273,26.73732566833496,92770800
2016-10-24,29.274999618530273,29.434999465942383,29.25,29.412500381469727,26.978097915649414,94154800
2016-10-25,29.487499237060547,29.59000015258789,29.327499389648438,29.5625,27.115680694580078,192516000
2016-10-26,28.577499389648438,28.924999237060547,28.327499389648438,28.897499084472656,26.505720138549805,264536800
2016-10-27,28.84749984741211,28.96500015258789,28.524999618530273,28.6200008392334,26.251188278198242,138248000
2016-10-28,28.467500686645508,28.802499771118164,28.362499237060547,28.43000030517578,26.07691764831543,151446800
2016-10-31,28.412500381469727,28.5575008392334,28.299999237060547,28.385000228881836,26.035640716552734,105677600
2016-11-01,28.364999771118164,28.4424991607666,27.63249969482422,27.872499465942383,25.565553665161133,175303200
2016-11-02,27.850000381469727,28.087499618530273,27.8075008392334,27.897499084472656,25.588491439819336,113326800
2016-11-03,27.7450008392334,27.864999771118164,27.387500762939453,27.457500457763672,25.314212799072266,107730400
2016-11-04,27.13249969482422,27.5625,27.02750015258789,27.209999084472656,25.08603286743164,123348000
2016-11-07,27.520000457763672,27.627500534057617,27.364999771118164,27.602500915527344,25.447900772094727,130240000
2016-11-08,27.577499389648438,27.93000030517578,27.424999237060547,27.764999389648438,25.597715377807617,97016800
2016-11-09,27.469999313354492,27.829999923706055,27.012500762939453,27.719999313354492,25.556232452392578,236705600
2016-11-10,27.772499084472656,27.772499084472656,26.457500457763672,26.947500228881836,24.844018936157227,228538000
2016-11-11,26.780000686645508,27.217500686645508,26.637500762939453,27.107500076293945,24.991535186767578,136575600
2016-11-14,26.927499771118164,26.952499389648438,26.020000457763672,26.427499771118164,24.36461639404297,204702000
2016-11-15,26.642499923706055,26.920000076293945,26.540000915527344,26.77750015258789,24.687292098999023,129058000
2016-11-16,26.674999237060547,27.5575008392334,26.649999618530273,27.497499465942383,25.351085662841797,235362000
2016-11-17,27.452499389648438,27.587499618530273,27.207500457763672,27.487499237060547,25.34187126159668,110528000
2016-11-18,27.43000030517578,27.635000228881836,27.415000915527344,27.514999389648438,25.36723518371582,113715600
2016-11-21,27.530000686645508,27.997499465942383,27.502500534057617,27.9325008392334,25.75214385986328,117058400
2016-11-22,27.987499237060547,28.104999542236328,27.850000381469727,27.950000762939453,25.768268585205078,103862000
2016-11-23,27.84000015258789,27.877500534057617,27.582500457763672,27.8075008392334,25.636890411376953,109705600
2016-11-25,27.782499313354492,27.967500686645508,27.737499237060547,27.947500228881836,25.765968322753906,45903600
2016-11-28,27.857500076293945,28.11750030517578,27.84749984741211,27.892499923706055,25.71526336669922,108776000
2016-11-29,27.69499969482422,28.00749969482422,27.517499923706055,27.864999771118164,25.68990707397461,114115200
2016-11-30,27.899999618530273,28.049999237060547,27.5674991607666,27.6299991607666,25.473247528076172,144649200
2016-12-01,27.592500686645508,27.735000610351562,27.25749969482422,27.372499465942383,25.235851287841797,148347600
2016-12-02,27.292499542236328,27.522499084472656,27.212499618530273,27.475000381469727,25.330347061157227,106112000
2016-12-05,27.5,27.50749969482422,27.0625,27.27750015258789,25.148263931274414,137298000
2016-12-06,27.375,27.59000015258789,27.297500610351562,27.487499237060547,25.34187126159668,104782000
2016-12-07,27.315000534057617,27.797500610351562,27.290000915527344,27.75749969482422,25.590795516967773,119994800
2016-12-08,27.71500015258789,28.107500076293945,27.649999618530273,28.030000686645508,25.842025756835938,108273200
2016-12-09,28.077499389648438,28.674999237060547,28.077499389648438,28.487499237060547,26.263809204101562,137610400
2016-12-12,28.322500228881836,28.75,28.122499465942383,28.325000762939453,26.113996505737305,105497600
2016-12-13,28.459999084472656,28.979999542236328,28.4375,28.797500610351562,26.549612045288086,174935200
2016-12-14,28.760000228881836,29.049999237060547,28.7450008392334,28.797500610351562,26.549612045288086,136127200
2016-12-15,28.844999313354492,29.1825008392334,28.8075008392334,28.954999923706055,26.694826126098633,186098000
2016-12-16,29.11750030517578,29.125,28.912500381469727,28.99250030517578,26.729393005371094,177404400
2016-12-19,28.950000762939453,29.344999313354492,28.9375,29.15999984741211,26.883813858032227,111117600
2016-12-20,29.184999465942383,29.375,29.170000076293945,29.237499237060547,26.955265045166016,85700000
2016-12-21,29.200000762939453,29.350000381469727,29.19499969482422,29.264999389648438,26.98062515258789,95132800
2016-12-22,29.087499618530273,29.127500534057617,28.90999984741211,29.072500228881836,26.803144454956055,104343600
2016-12-23,28.897499084472656,29.1299991607666,28.897499084472656,29.1299991607666,26.85616111755371,56998000
2016-12-27,29.1299991607666,29.450000762939453,29.122499465942383,29.315000534057617,27.026721954345703,73187600
2016-12-28,29.3799991607666,29.5049991607666,29.049999237060547,29.190000534057617,26.91147804260254,83623600
2016-12-29,29.112499237060547,29.27750015258789,29.100000381469727,29.1825008392334,26.904565811157227,60158000
2016-12-30,29.162500381469727,29.299999237060547,28.857500076293945,28.954999923706055,26.694826126098633,122345200
2017-01-03,28.950000762939453,29.082500457763672,28.690000534057617,29.037500381469727,26.77088165283203,115127600
2017-01-04,28.962499618530273,29.127500534057617,28.9375,29.0049991607666,26.740921020507812,84472400
2017-01-05,28.979999542236328,29.21500015258789,28.952499389648438,29.15250015258789,26.876901626586914,88774400
2017-01-06,29.19499969482422,29.540000915527344,29.11750030517578,29.477500915527344,27.176536560058594,127007600
2017-01-09,29.487499237060547,29.857500076293945,29.485000610351562,29.747499465942383,27.425464630126953,134247600
2017-01-10,29.6924991607666,29.844999313354492,29.575000762939453,29.77750015258789,27.453113555908203,97848400
2017-01-11,29.684999465942383,29.982500076293945,29.649999618530273,29.9375,27.60062599182129,110354400
2017-01-12,29.725000381469727,29.825000762939453,29.552499771118164,29.8125,27.485383987426758,108344800
2017-01-13,29.77750015258789,29.905000686645508,29.702499389648438,29.760000228881836,27.436986923217773,104447600
2017-01-17,29.584999084472656,30.059999465942383,29.55500030517578,30.0,27.658246994018555,137759200
2017-01-18,30.0,30.125,29.927499771118164,29.997499465942383,27.65595245361328,94852000
2017-01-19,29.850000381469727,30.022499084472656,29.842500686645508,29.94499969482422,27.607542037963867,102389200
2017-01-20,30.112499237060547,30.112499237060547,29.9325008392334,30.0,27.658246994018555,130391600
2017-01-23,30.0,30.202499389648438,29.9424991607666,30.020000457763672,27.676694869995117,88200800
2017-01-24,29.887500762939453,30.024999618530273,29.875,29.99250030517578,27.651336669921875,92844000
2017-01-25,30.104999542236328,30.524999618530273,30.06999969482422,30.469999313354492,28.09156036376953,129510400
2017-01-26,30.417499542236328,30.610000610351562,30.399999618530273,30.485000610351562,28.105392456054688,105350400
2017-01-27,30.53499984741211,30.587499618530273,30.399999618530273,30.487499237060547,28.10769271850586,82251600
2017-01-30,30.232500076293945,30.407499313354492,30.165000915527344,30.407499313354492,28.0339412689209,121510000
2017-01-31,30.287500381469727,30.34749984741211,30.155000686645508,30.337499618530273,27.969402313232422,196804000
2017-02-01,31.75749969482422,32.622501373291016,31.752500534057617,32.1875,29.67500114440918,447940000
2017-02-02,31.9950008392334,32.34749984741211,31.94499969482422,32.13249969482422,29.62429428100586,134841600
2017-02-03,32.07749938964844,32.29750061035156,32.040000915527344,32.27000045776367,29.75105857849121,98029200
2017-02-06,32.282501220703125,32.625,32.224998474121094,32.5724983215332,30.029935836791992,107383600
2017-02-07,32.6349983215332,33.022499084472656,32.61249923706055,32.88249969482422,30.31574249267578,152735200
2017-02-08,32.837501525878906,33.05500030517578,32.80500030517578,33.0099983215332,30.43329620361328,92016400
2017-02-09,32.912498474121094,33.11249923706055,32.779998779296875,33.10499954223633,30.65320587158203,113399600
2017-02-10,33.1150016784668,33.23500061035156,33.01250076293945,33.029998779296875,30.583755493164062,80262000
2017-02-13,33.27000045776367,33.45500183105469,33.1875,33.3224983215332,30.854583740234375,92141600
2017-02-14,33.36750030517578,33.772499084472656,33.3125,33.755001068115234,31.25507164001465,132904800
2017-02-15,33.880001068115234,34.067501068115234,33.654998779296875,33.877498626708984,31.368488311767578,142492400
2017-02-16,33.91749954223633,33.974998474121094,33.709999084472656,33.837501525878906,31.33145523071289,90338400
2017-02-17,33.775001525878906,33.95750045776367,33.775001525878906,33.93000030517578,31.417104721069336,88792800
2017-02-21,34.057498931884766,34.1875,33.994998931884766,34.17499923706055,31.643962860107422,98028800
2017-02-22,34.10749816894531,34.279998779296875,34.02750015258789,34.27750015258789,31.738872528076172,83347600
2017-02-23,34.345001220703125,34.369998931884766,34.07500076293945,34.13249969482422,31.604604721069336,83152800
2017-02-24,33.977500915527344,34.165000915527344,33.81999969482422,34.165000915527344,31.634700775146484,87106400
2017-02-27,34.28499984741211,34.36000061035156,34.06999969482422,34.23249816894531,31.697195053100586,81029600
2017-02-28,34.27000045776367,34.36000061035156,34.17499923706055,34.247501373291016,31.711090087890625,93931600
2017-03-01,34.47249984741211,35.037498474121094,34.400001525878906,34.9474983215332,32.359256744384766,145658400
2017-03-02,35.0,35.06999969482422,34.689998626708984,34.7400016784668,32.167118072509766,104844000
2017-03-03,34.69499969482422,34.95750045776367,34.647499084472656,34.94499969482422,32.35693359375,84432400
2017-03-06,34.842498779296875,34.942501068115234,34.650001525878906,34.834999084472656,32.25508117675781,87000000
2017-03-07,34.76499938964844,34.994998931884766,34.6974983215332,34.880001068115234,32.296756744384766,69785200
2017-03-08,34.73749923706055,34.95000076293945,34.70500183105469,34.75,32.1763801574707,74828800
2017-03-09,34.685001373291016,34.6974983215332,34.26250076293945,34.66999816894531,32.102298736572266,88623600
2017-03-10,34.8125,34.84000015258789,34.65999984741211,34.78499984741211,32.20878601074219,78451200
2017-03-13,34.712501525878906,34.85749816894531,34.70500183105469,34.79999923706055,32.22266387939453,69686800
2017-03-14,34.82500076293945,34.912498474121094,34.709999084472656,34.747501373291016,32.1740608215332,61236400
2017-03-15,34.852500915527344,35.1875,34.75749969482422,35.1150016784668,32.51434326171875,102767200
2017-03-16,35.18000030517578,35.255001068115234,35.064998626708984,35.17250061035156,32.56758117675781,76928000
2017-03-17,35.25,35.25,34.97249984741211,34.997501373291016,32.40555191040039,175540000
2017-03-20,35.099998474121094,35.375,35.057498931884766,35.3650016784668,32.74582290649414,86168000
2017-03-21,35.52750015258789,35.70000076293945,34.932498931884766,34.959999084472656,32.37081527709961,158119600
2017-03-22,34.962501525878906,35.400001525878906,34.939998626708984,35.35499954223633,32.73656463623047,103440800
2017-03-23,35.314998626708984,35.39500045776367,35.15250015258789,35.22999954223633,32.62082290649414,81385200
2017-03-24,35.375,35.435001373291016,35.087501525878906,35.15999984741211,32.55600357055664,89582400
2017-03-27,34.84749984741211,35.30500030517578,34.654998779296875,35.220001220703125,32.6115608215332,94300400
2017-03-28,35.227500915527344,36.0099983215332,35.154998779296875,35.95000076293945,33.287506103515625,133499200
2017-03-29,35.91999816894531,36.122501373291016,35.79750061035156,36.029998779296875,33.361568450927734,116760000
2017-03-30,36.04750061035156,36.125,35.875,35.98249816894531,33.31759262084961,84829200
2017-03-31,35.93000030517578,36.067501068115234,35.752498626708984,35.915000915527344,33.255096435546875,78646800
2017-04-03,35.9275016784668,36.029998779296875,35.76250076293945,35.92499923706055,33.26435852050781,79942800
2017-04-04,35.8125,36.22249984741211,35.79249954223633,36.192501068115234,33.512046813964844,79565600
2017-04-05,36.05500030517578,36.3650016784668,35.95249938964844,36.005001068115234,33.338436126708984,110871600
2017-04-06,36.0724983215332,36.130001068115234,35.86249923706055,35.915000915527344,33.255096435546875,84596000
2017-04-07,35.932498931884766,36.04499816894531,35.817501068115234,35.834999084472656,33.181007385253906,66688800
2017-04-10,35.900001525878906,35.970001220703125,35.724998474121094,35.79249954223633,33.141658782958984,75733600
2017-04-11,35.73500061035156,35.837501525878906,35.01499938964844,35.407501220703125,32.785179138183594,121517600
2017-04-12,35.400001525878906,35.537498474121094,35.252498626708984,35.45000076293945,32.82453155517578,81400000
2017-04-13,35.477500915527344,35.595001220703125,35.26250076293945,35.26250076293945,32.65090560913086,71291600
2017-04-17,35.369998931884766,35.470001220703125,35.217498779296875,35.45750045776367,32.83148193359375,66328400
2017-04-18,35.352500915527344,35.5099983215332,35.27750015258789,35.29999923706055,32.685630798339844,58790000
2017-04-19,35.470001220703125,35.5,35.11249923706055,35.16999816894531,32.56525802612305,69313600
2017-04-20,35.30500030517578,35.72999954223633,35.290000915527344,35.61000061035156,32.972686767578125,93278400
2017-04-21,35.61000061035156,35.66999816894531,35.462501525878906,35.567501068115234,32.93333435058594,69283600
2017-04-24,35.875,35.98749923706055,35.79499816894531,35.90999984741211,33.25046157836914,68537200
2017-04-25,35.977500915527344,36.224998474121094,35.967498779296875,36.13249969482422,33.45649337768555,75486000
2017-04-26,36.11750030517578,36.150001525878906,35.845001220703125,35.91999816894531,33.25972366333008,80164800
2017-04-27,35.97999954223633,36.040000915527344,35.82749938964844,35.9474983215332,33.28518295288086,56985200
2017-04-28,36.022499084472656,36.07500076293945,35.817501068115234,35.912498474121094,33.25276184082031,83441600
2017-05-01,36.275001525878906,36.79999923706055,36.2400016784668,36.64500045776367,33.931026458740234,134411600
2017-05-02,36.8849983215332,37.022499084472656,36.709999084472656,36.877498626708984,34.14630889892578,181408800
2017-05-03,36.397499084472656,36.872501373291016,36.067501068115234,36.76499938964844,34.04213333129883,182788000
2017-05-04,36.630001068115234,36.78499984741211,36.45249938964844,36.63249969482422,33.91944885253906,93487600
2017-05-05,36.689998626708984,37.244998931884766,36.689998626708984,37.2400016784668,34.481964111328125,109310800
2017-05-08,37.25749969482422,38.42499923706055,37.25749969482422,38.252498626708984,35.419471740722656,195009600
2017-05-09,38.467498779296875,38.720001220703125,38.36249923706055,38.497501373291016,35.64633560180664,156521600
2017-05-10,38.407501220703125,38.48500061035156,38.02750015258789,38.314998626708984,35.477352142333984,103222800
2017-05-11,38.11249923706055,38.51750183105469,38.07749938964844,38.48749923706055,35.784156799316406,109020400
2017-05-12,38.67499923706055,39.10499954223633,38.66749954223633,39.025001525878906,36.28392028808594,130108000
2017-05-15,39.002498626708984,39.162498474121094,38.76250076293945,38.92499923706055,36.19094467163086,104038800
2017-05-16,38.98500061035156,39.01499938964844,38.68000030517578,38.86750030517578,36.137474060058594,80194000
2017-05-17,38.400001525878906,38.64250183105469,37.4275016784668,37.5625,34.92414093017578,203070800
2017-05-18,37.817501068115234,38.334999084472656,37.782501220703125,38.1349983215332,35.4564208984375,134272800
2017-05-19,38.345001220703125,38.494998931884766,38.157501220703125,38.26499938964844,35.57729721069336,107843200
2017-05-22,38.5,38.64500045776367,38.227500915527344,38.497501373291016,35.7934684753418,91865600
2017-05-23,38.724998474121094,38.724998474121094,38.32749938964844,38.45000076293945,35.749305725097656,79675600
2017-05-24,38.459999084472656,38.54249954223633,38.16749954223633,38.334999084472656,35.64238357543945,76712000
2017-05-25,38.432498931884766,38.587501525878906,38.25749969482422,38.467498779296875,35.76557159423828,76942400
2017-05-26,38.5,38.560001373291016,38.32749938964844,38.40250015258789,35.70513916015625,87710400
2017-05-30,38.35499954223633,38.60749816894531,38.33250045776367,38.41749954223633,35.719085693359375,80507600
2017-05-31,38.49250030517578,38.54249954223633,38.095001220703125,38.189998626708984,35.507568359375,97804800
2017-06-01,38.29249954223633,38.33250045776367,38.05500030517578,38.29499816894531,35.60517501831055,65616400
2017-06-02,38.39500045776367,38.86249923706055,38.22249984741211,38.86249923706055,36.13283157348633,111082800
2017-06-05,38.584999084472656,38.61249923706055,38.3650016784668,38.48249816894531,35.77952575683594,101326800
2017-06-06,38.474998474121094,38.95249938964844,38.44499969482422,38.61249923706055,35.900394439697266,106499600
2017-06-07,38.755001068115234,38.994998931884766,38.619998931884766,38.842498779296875,36.11423110961914,84278400
2017-06-08,38.8125,38.8849983215332,38.599998474121094,38.747501373291016,36.02590560913086,85003200
2017-06-09,38.79750061035156,38.79750061035156,36.505001068115234,37.244998931884766,34.628936767578125,259530800
2017-06-12,36.435001373291016,36.522499084472656,35.627498626708984,36.35499954223633,33.801448822021484,289229200
2017-06-13,36.790000915527344,36.86249923706055,36.287498474121094,36.647499084472656,34.07341003417969,136661600
2017-06-14,36.875,36.875,35.959999084472656,36.290000915527344,33.74101638793945,126124800
2017-06-15,35.83000183105469,36.119998931884766,35.5525016784668,36.0724983215332,33.53878402709961,128661600
2017-06-16,35.94499969482422,36.125,35.54999923706055,35.567501068115234,33.06927490234375,201444400
2017-06-19,35.915000915527344,36.685001373291016,35.915000915527344,36.584999084472656,34.015289306640625,130165600
2017-06-20,36.717498779296875,36.717498779296875,36.23500061035156,36.252498626708984,33.70615768432617,99600400
2017-06-21,36.380001068115234,36.51750183105469,36.15250015258789,36.467498779296875,33.906036376953125,85063200
2017-06-22,36.442501068115234,36.67499923706055,36.279998779296875,36.407501220703125,33.85026550292969,76425200
2017-06-23,36.282501220703125,36.790000915527344,36.27750015258789,36.56999969482422,34.0013427734375,141757600
2017-06-26,36.79249954223633,37.06999969482422,36.345001220703125,36.45500183105469,33.8944206237793,102769600
2017-06-27,36.252498626708984,36.540000915527344,35.904998779296875,35.932498931884766,33.408634185791016,99047600
2017-06-28,36.122501373291016,36.52750015258789,35.790000915527344,36.45750045776367,33.896751403808594,88329600
2017-06-29,36.1775016784668,36.282501220703125,35.56999969482422,35.91999816894531,33.39700698852539,125997600
2017-06-30,36.11249923706055,36.2400016784668,35.94499969482422,36.005001068115234,33.47604751586914,92096400
2017-07-03,36.220001220703125,36.32500076293945,35.775001525878906,35.875,33.355167388916016,57111200
2017-07-05,35.92250061035156,36.1974983215332,35.68000030517578,36.022499084472656,33.49230194091797,86278400
2017-07-06,35.755001068115234,35.875,35.602500915527344,35.682498931884766,33.176177978515625,96515200
2017-07-07,35.724998474121094,36.1875,35.724998474121094,36.04499816894531,33.513221740722656,76806800
2017-07-10,36.02750015258789,36.48749923706055,35.842498779296875,36.26499938964844,33.7177734375,84362400
2017-07-11,36.182498931884766,36.462501525878906,36.095001220703125,36.38249969482422,33.8270263671875,79127200
2017-07-12,36.467498779296875,36.54499816894531,36.20500183105469,36.435001373291016,33.87584686279297,99538000
2017-07-13,36.375,37.122501373291016,36.36000061035156,36.942501068115234,34.34768295288086,100797600
2017-07-14,36.99250030517578,37.33250045776367,36.83250045776367,37.2599983215332,34.64289474487305,80528400
2017-07-17,37.20500183105469,37.724998474121094,37.14250183105469,37.38999938964844,34.76374816894531,95174000
2017-07-18,37.29999923706055,37.532501220703125,37.16749954223633,37.52000045776367,34.88463592529297,71475200
2017-07-19,37.619998931884766,37.85499954223633,37.48749923706055,37.755001068115234,35.103118896484375,83692000
2017-07-20,37.875,37.935001373291016,37.54750061035156,37.584999084472656,34.94505310058594,68974800
2017-07-21,37.497501373291016,37.61000061035156,37.220001220703125,37.567501068115234,34.92879104614258,105010400
2017-07-24,37.64500045776367,38.11000061035156,37.474998474121094,38.022499084472656,35.351829528808594,85972800
2017-07-25,37.95000076293945,38.459999084472656,37.95000076293945,38.185001373291016,35.502925872802734,75415600
2017-07-26,38.337501525878906,38.48249816894531,38.26499938964844,38.3650016784668,35.67026901245117,63124000
2017-07-27,38.4375,38.497501373291016,36.82500076293945,37.63999938964844,34.99619674682617,129905200
2017-07-28,37.47249984741211,37.557498931884766,37.29750061035156,37.375,34.74980926513672,68854800
2017-07-31,37.474998474121094,37.58250045776367,37.032501220703125,37.182498931884766,34.57083511352539,79383600
2017-08-01,37.275001525878906,37.55500030517578,37.102500915527344,37.51250076293945,34.87765121459961,141474400
2017-08-02,39.81999969482422,39.9375,39.040000915527344,39.28499984741211,36.52565383911133,279747200
2017-08-03,39.26250076293945,39.3025016784668,38.755001068115234,38.89250183105469,36.16071701049805,108389200
2017-08-04,39.01750183105469,39.349998474121094,38.92250061035156,39.09749984741211,36.35132598876953,82239600
2017-08-07,39.26499938964844,39.72999954223633,39.16749954223633,39.70249938964844,36.91383743286133,87481200
2017-08-08,39.650001525878906,40.45750045776367,39.567501068115234,40.02000045776367,37.20903015136719,144823600
2017-08-09,39.814998626708984,40.317501068115234,39.77750015258789,40.26499938964844,37.436824798583984,104526000
2017-08-10,39.974998474121094,40.0,38.657501220703125,38.83000183105469,36.244384765625,163217200
2017-08-11,39.150001525878906,39.64250183105469,39.01750183105469,39.369998931884766,36.7484245300293,105028400
2017-08-14,39.83000183105469,40.0525016784668,39.6875,39.962501525878906,37.301483154296875,88490800
2017-08-15,40.165000915527344,40.54999923706055,40.03499984741211,40.400001525878906,37.70985794067383,117862000
2017-08-16,40.48500061035156,40.627498626708984,40.037498474121094,40.23749923706055,37.55815887451172,110686400
2017-08-17,40.130001068115234,40.1775016784668,39.459999084472656,39.46500015258789,36.83710861206055,111762400
2017-08-18,39.46500015258789,39.875,39.18000030517578,39.375,36.753089904785156,109712400
2017-08-21,39.375,39.47249984741211,38.77750015258789,39.3025016784668,36.68540954589844,105474000
2017-08-22,39.557498931884766,40.0,39.505001068115234,39.94499969482422,37.28512954711914,86418400
2017-08-23,39.76750183105469,40.11750030517578,39.720001220703125,39.994998931884766,37.33180236816406,77596400
2017-08-24,40.10749816894531,40.185001373291016,39.63750076293945,39.817501068115234,37.16613006591797,79275600
2017-08-25,39.912498474121094,40.13999938964844,39.817501068115234,39.96500015258789,37.303802490234375,101920400
2017-08-28,40.03499984741211,40.5,39.98249816894531,40.36750030517578,37.67949676513672,103864000
2017-08-29,40.025001525878906,40.779998779296875,40.0,40.727500915527344,38.01553726196289,118067600
2017-08-30,40.95000076293945,40.97249984741211,40.65250015258789,40.837501525878906,38.11821365356445,109078400
2017-08-31,40.90999984741211,41.130001068115234,40.869998931884766,41.0,38.26988983154297,107140400
2017-09-01,41.20000076293945,41.23500061035156,40.907501220703125,41.01250076293945,38.281558990478516,66364400
2017-09-05,40.9375,41.0625,40.13999938964844,40.52000045776367,37.821868896484375,117874000
2017-09-06,40.6775016784668,40.747501373291016,40.130001068115234,40.477500915527344,37.782188415527344,86606800
2017-09-07,40.522499084472656,40.560001373291016,40.09000015258789,40.314998626708984,37.6305046081543,87714000
2017-09-08,40.21500015258789,40.287498474121094,39.63249969482422,39.657501220703125,37.01678466796875,114446000
2017-09-11,40.125,40.51250076293945,39.97249984741211,40.375,37.68651580810547,126323200
2017-09-12,40.65250015258789,40.9900016784668,39.692501068115234,40.21500015258789,37.53715896606445,286856000
2017-09-13,39.967498779296875,39.9900016784668,39.477500915527344,39.912498474121094,37.25480651855469,179629600
2017-09-14,39.747501373291016,39.849998474121094,39.522499084472656,39.56999969482422,36.93510055541992,95042800
2017-09-15,39.61750030517578,40.24250030517578,39.5,39.970001220703125,37.3084831237793,196458400
2017-09-18,40.02750015258789,40.125,39.5,39.66749954223633,37.026126861572266,113077600
2017-09-19,39.877498626708984,39.942501068115234,39.61000061035156,39.682498931884766,37.04010772705078,83242400
2017-09-20,39.474998474121094,39.564998626708984,38.45750045776367,39.01750183105469,36.41940689086914,211805600
2017-09-21,38.95000076293945,38.95000076293945,38.1875,38.34749984741211,35.794002532958984,150046800
2017-09-22,37.8849983215332,38.067501068115234,37.63999938964844,37.97249984741211,35.44398498535156,186581600
2017-09-25,37.497501373291016,37.95750045776367,37.290000915527344,37.63750076293945,35.13129425048828,177549200
2017-09-26,37.94499969482422,38.47999954223633,37.92250061035156,38.28499984741211,35.73566818237305,146640000
2017-09-27,38.45000076293945,38.68000030517578,38.3849983215332,38.557498931884766,35.99003601074219,102016800
2017-09-28,38.47249984741211,38.56999969482422,38.17499923706055,38.31999969482422,35.768341064453125,88022000
2017-09-29,38.3025016784668,38.532501220703125,38.0,38.529998779296875,35.96435546875,105199200
2017-10-02,38.564998626708984,38.61249923706055,38.18000030517578,38.45249938964844,35.89201736450195,74795200
2017-10-03,38.502498626708984,38.772499084472656,38.477500915527344,38.619998931884766,36.04836654663086,64921200
2017-10-04,38.407501220703125,38.46500015258789,38.1150016784668,38.369998931884766,35.81501388549805,80655200
2017-10-05,38.54499816894531,38.86000061035156,38.51250076293945,38.84749984741211,36.26072311401367,85135200
2017-10-06,38.74250030517578,38.872501373291016,38.63999938964844,38.82500076293945,36.23971176147461,69630400
2017-10-09,38.95249938964844,39.182498931884766,38.872501373291016,38.959999084472656,36.365726470947266,65051600
2017-10-10,39.01499938964844,39.5,38.775001525878906,38.974998474121094,36.379730224609375,62468000
2017-10-11,38.99250030517578,39.244998931884766,38.9375,39.13750076293945,36.53140640258789,67622400
2017-10-12,39.087501525878906,39.342498779296875,38.932498931884766,39.0,36.40306854248047,64500400
2017-10-13,39.182498931884766,39.31999969482422,39.102500915527344,39.247501373291016,36.63407897949219,65576800
2017-10-16,39.474998474121094,40.0,39.412498474121094,39.970001220703125,37.3084831237793,96486000
2017-10-17,39.94499969482422,40.217498779296875,39.807498931884766,40.11750030517578,37.44615173339844,75989200
2017-10-18,40.10499954223633,40.1775016784668,39.900001525878906,39.939998626708984,37.280460357666016,65496800
2017-10-19,39.1875,39.27000045776367,38.755001068115234,38.994998931884766,36.39839172363281,170336800
2017-10-20,39.15250015258789,39.4375,38.9900016784668,39.0625,36.461402893066406,95896400
2017-10-23,39.22249984741211,39.42250061035156,38.875,39.04249954223633,36.442745208740234,87937200
2017-10-24,39.0724983215332,39.35499954223633,39.04999923706055,39.275001525878906,36.659759521484375,71028800
2017-10-25,39.227500915527344,39.38750076293945,38.817501068115234,39.102500915527344,36.498741149902344,84828400
2017-10-26,39.307498931884766,39.45750045776367,39.19499969482422,39.352500915527344,36.73208999633789,68002000
2017-10-27,39.8224983215332,40.900001525878906,39.67499923706055,40.76250076293945,38.04821014404297,177816800
2017-10-30,40.97249984741211,42.01750183105469,40.93000030517578,41.68000030517578,38.90462112426758,178803200
2017-10-31,41.974998474121094,42.412498474121094,41.73500061035156,42.2599983215332,39.445987701416016,144187200
2017-11-01,42.467498779296875,42.48500061035156,41.40250015258789,41.72249984741211,38.94428253173828,134551200
2017-11-02,41.650001525878906,42.125,41.31999969482422,42.02750015258789,39.228973388671875,165573600
2017-11-03,43.5,43.564998626708984,42.779998779296875,43.125,40.25337600708008,237594400
2017-11-06,43.092498779296875,43.747501373291016,42.93000030517578,43.5625,40.6617546081543,140105200
2017-11-07,43.477500915527344,43.8125,43.400001525878906,43.70249938964844,40.79242706298828,97446000
2017-11-08,43.665000915527344,44.060001373291016,43.58250045776367,44.060001373291016,41.126129150390625,97638000
2017-11-09,43.77750015258789,44.025001525878906,43.28499984741211,43.970001220703125,41.04213333129883,117930400
2017-11-10,43.77750015258789,43.845001220703125,43.567501068115234,43.66749954223633,40.90629577636719,100582000
2017-11-13,43.375,43.625,43.349998474121094,43.49250030517578,40.74235153198242,67928400
2017-11-14,43.2599983215332,43.369998931884766,42.79499816894531,42.834999084472656,40.12642288208008,99130000
2017-11-15,42.49250030517578,42.58000183105469,42.095001220703125,42.27000045776367,39.59715270996094,116632400
2017-11-16,42.79499816894531,42.967498779296875,42.57500076293945,42.775001525878906,40.070220947265625,94550000
2017-11-17,42.7599983215332,42.84749984741211,42.40999984741211,42.537498474121094,39.84773635864258,87598000
2017-11-20,42.5724983215332,42.63999938964844,42.38999938964844,42.494998931884766,39.80793762207031,65049600
2017-11-21,42.69499969482422,43.42499923706055,42.69499969482422,43.28499984741211,40.54798889160156,100525200
2017-11-22,43.34000015258789,43.75,43.26250076293945,43.7400016784668,40.97420883178711,102355600
2017-11-24,43.775001525878906,43.875,43.662498474121094,43.74250030517578,40.97655487060547,56106800
2017-11-27,43.76250076293945,43.77000045776367,43.334999084472656,43.522499084472656,40.77045822143555,82867200
2017-11-28,43.57500076293945,43.717498779296875,42.96500015258789,43.26750183105469,40.531578063964844,105715200
2017-11-29,43.157501220703125,43.22999954223633,41.790000915527344,42.369998931884766,39.69084548950195,166665600
2017-11-30,42.60749816894531,43.03499984741211,42.11000061035156,42.962501525878906,40.24586486816406,166108800
2017-12-01,42.48749923706055,42.91749954223633,42.125,42.76250076293945,40.05851745605469,159037200
2017-12-04,43.119998931884766,43.154998779296875,42.407501220703125,42.45000076293945,39.76578903198242,130169600
2017-12-05,42.26499938964844,42.880001068115234,42.099998474121094,42.40999984741211,39.72831344604492,109400800
2017-12-06,41.875,42.54999923706055,41.6150016784668,42.252498626708984,39.58076858520508,114240000
2017-12-07,42.25749969482422,42.61000061035156,42.227500915527344,42.33000183105469,39.65336608886719,102693200
2017-12-08,42.622501373291016,42.75,42.20500183105469,42.342498779296875,39.665069580078125,93420800
2017-12-11,42.29999923706055,43.22249984741211,42.1974983215332,43.16749954223633,40.43791580200195,141095200
2017-12-12,43.037498474121094,43.09749984741211,42.8650016784668,42.92499923706055,40.21073913574219,77636800
2017-12-13,43.125,43.3849983215332,43.0,43.067501068115234,40.344234466552734,95273600
2017-12-14,43.099998474121094,43.282501220703125,42.912498474121094,43.05500030517578,40.33252716064453,81906000
2017-12-15,43.407501220703125,43.54249954223633,43.1150016784668,43.49250030517578,40.74235153198242,160677200
2017-12-18,43.720001220703125,44.29999923706055,43.71500015258789,44.10499954223633,41.316131591796875,117684400
2017-12-19,43.75749969482422,43.84749984741211,43.522499084472656,43.6349983215332,40.87583923339844,109745600
2017-12-20,43.717498779296875,43.85499954223633,43.3125,43.587501525878906,40.83134460449219,93902400
2017-12-21,43.54249954223633,44.005001068115234,43.525001525878906,43.752498626708984,40.98591613769531,83799600
2017-12-22,43.66999816894531,43.85499954223633,43.625,43.752498626708984,40.98591613769531,65397600
2017-12-26,42.70000076293945,42.86750030517578,42.41999816894531,42.64250183105469,39.94610595703125,132742000
2017-12-27,42.525001525878906,42.69499969482422,42.4275016784668,42.650001525878906,39.95313262939453,85992800
2017-12-28,42.75,42.962501525878906,42.619998931884766,42.77000045776367,40.06554412841797,65920800
2017-12-29,42.630001068115234,42.647499084472656,42.30500030517578,42.307498931884766,39.632293701171875,103999600
2018-01-02,42.540000915527344,43.07500076293945,42.314998626708984,43.064998626708984,40.341880798339844,102223600
2018-01-03,43.13249969482422,43.63750076293945,42.9900016784668,43.057498931884766,40.334869384765625,118071600
2018-01-04,43.1349983215332,43.36750030517578,43.02000045776367,43.25749969482422,40.522220611572266,89738400
2018-01-05,43.36000061035156,43.842498779296875,43.26250076293945,43.75,40.98358154296875,94640000
2018-01-08,43.587501525878906,43.90250015258789,43.48249816894531,43.587501525878906,40.83134460449219,82271200
2018-01-09,43.63750076293945,43.76499938964844,43.352500915527344,43.58250045776367,40.826663970947266,86336000
2018-01-10,43.290000915527344,43.57500076293945,43.25,43.5724983215332,40.81729507446289,95839600
2018-01-11,43.647499084472656,43.872501373291016,43.622501373291016,43.81999969482422,41.04914474487305,74670800
2018-01-12,44.04499816894531,44.34000015258789,43.912498474121094,44.272499084472656,41.47303009033203,101672400
2018-01-16,44.474998474121094,44.84749984741211,44.03499984741211,44.04750061035156,41.262264251708984,118263600
2018-01-17,44.037498474121094,44.8125,43.76750183105469,44.775001525878906,41.943756103515625,137547200
2018-01-18,44.842498779296875,45.025001525878906,44.5625,44.814998626708984,41.981239318847656,124773600
2018-01-19,44.65250015258789,44.89500045776367,44.352500915527344,44.6150016784668,41.793880462646484,129700400
2018-01-22,44.32500076293945,44.44499969482422,44.150001525878906,44.25,41.45195770263672,108434400
2018-01-23,44.32500076293945,44.86000061035156,44.20500183105469,44.2599983215332,41.461341857910156,130756400
2018-01-24,44.3125,44.32500076293945,43.29999923706055,43.55500030517578,40.800899505615234,204420400
2018-01-25,43.627498626708984,43.73749923706055,42.63249969482422,42.77750015258789,40.07257080078125,166116000
2018-01-26,43.0,43.0,42.51499938964844,42.877498626708984,40.1662483215332,156572000
2018-01-29,42.540000915527344,42.540000915527344,41.76750183105469,41.9900016784668,39.33485794067383,202561600
2018-01-30,41.38249969482422,41.842498779296875,41.17499923706055,41.74250030517578,39.10301971435547,184192800
2018-01-31,41.717498779296875,42.11000061035156,41.625,41.85749816894531,39.210731506347656,129915600
2018-02-01,41.79249954223633,42.154998779296875,41.689998626708984,41.94499969482422,39.29271697998047,188923200
2018-02-02,41.5,41.70000076293945,40.025001525878906,40.125,37.5877799987793,346375200
2018-02-05,39.775001525878906,40.970001220703125,39.0,39.122501373291016,36.648685455322266,290954000
2018-02-06,38.70750045776367,40.93000030517578,38.5,40.75749969482422,38.180301666259766,272975200
2018-02-07,40.772499084472656,40.849998474121094,39.76750183105469,39.8849983215332,37.36296081542969,206434400
2018-02-08,40.0724983215332,40.25,38.75749969482422,38.787498474121094,36.33486557006836,217562000
2018-02-09,39.26750183105469,39.47249984741211,37.560001373291016,39.102500915527344,36.779296875,282690400
2018-02-12,39.625,40.97249984741211,39.377498626708984,40.6775016784668,38.26072311401367,243278000
2018-02-13,40.48749923706055,41.1875,40.412498474121094,41.084999084472656,38.644004821777344,130196800
2018-02-14,40.7599983215332,41.8849983215332,40.720001220703125,41.842498779296875,39.356502532958984,162579600
2018-02-15,42.4474983215332,43.272499084472656,42.25,43.247501373291016,40.67803192138672,204588800
2018-02-16,43.09000015258789,43.70500183105469,42.942501068115234,43.10749816894531,40.54634094238281,160704400
2018-02-20,43.01250076293945,43.564998626708984,42.85499954223633,42.962501525878906,40.40995407104492,135722000
2018-02-21,43.20750045776367,43.529998779296875,42.752498626708984,42.76750183105469,40.226539611816406,149886400
2018-02-22,42.95000076293945,43.48749923706055,42.9275016784668,43.125,40.56279754638672,123967600
2018-02-23,43.41749954223633,43.912498474121094,43.3849983215332,43.875,41.268253326416016,135249600
2018-02-26,44.087501525878906,44.84749984741211,44.0525016784668,44.74250030517578,42.084205627441406,152648800
2018-02-27,44.775001525878906,45.119998931884766,44.540000915527344,44.59749984741211,41.94782638549805,155712400
2018-02-28,44.814998626708984,45.154998779296875,44.51250076293945,44.529998779296875,41.88433074951172,151128400
2018-03-01,44.6349983215332,44.94499969482422,43.165000915527344,43.75,41.150672912597656,195208000
2018-03-02,43.20000076293945,44.07500076293945,43.11249923706055,44.0525016784668,41.435203552246094,153816000
2018-03-05,43.8025016784668,44.435001373291016,43.630001068115234,44.20500183105469,41.578636169433594,113605600
2018-03-06,44.477500915527344,44.5625,44.032501220703125,44.16749954223633,41.543373107910156,95154000
2018-03-07,43.73500061035156,43.962501525878906,43.567501068115234,43.75749969482422,41.15773391723633,126814000
2018-03-08,43.869998931884766,44.279998779296875,43.76750183105469,44.23500061035156,41.60686111450195,95096400
2018-03-09,44.4900016784668,45.0,44.34749984741211,44.994998931884766,42.321693420410156,128740800
2018-03-12,45.0724983215332,45.59749984741211,45.0525016784668,45.43000030517578,42.73085403442383,128828400
2018-03-13,45.647499084472656,45.875,44.810001373291016,44.99250030517578,42.319339752197266,126774000
2018-03-14,45.08000183105469,45.130001068115234,44.45249938964844,44.61000061035156,41.959571838378906,117473600
2018-03-15,44.625,45.060001373291016,44.51750183105469,44.662498474121094,42.00895309448242,90975200
2018-03-16,44.662498474121094,44.779998779296875,44.404998779296875,44.505001068115234,41.86081314086914,157618800
2018-03-19,44.33000183105469,44.36750030517578,43.415000915527344,43.82500076293945,41.22121047973633,133787200
2018-03-20,43.810001373291016,44.20000076293945,43.73500061035156,43.810001373291016,41.20710372924805,78597600
2018-03-21,43.7599983215332,43.772499084472656,42.814998626708984,42.817501068115234,40.27356719970703,148219600
2018-03-22,42.5,43.16999816894531,42.150001525878906,42.212501525878906,39.70451354980469,165963200
2018-03-23,42.09749984741211,42.47999954223633,41.23500061035156,41.23500061035156,38.78509521484375,164115200
2018-03-26,42.01750183105469,43.275001525878906,41.61000061035156,43.192501068115234,40.626285552978516,150164800
2018-03-27,43.41999816894531,43.787498474121094,41.72999954223633,42.084999084472656,39.5845947265625,163690400
2018-03-28,41.8125,42.505001068115234,41.29750061035156,41.619998931884766,39.147216796875,166674000
2018-03-29,41.95249938964844,42.9375,41.724998474121094,41.94499969482422,39.45291519165039,153594000
2018-04-02,41.65999984741211,42.23500061035156,41.11750030517578,41.66999816894531,39.19425964355469,150347200
2018-04-03,41.90999984741211,42.1875,41.220001220703125,42.09749984741211,39.59635543823242,121112000
2018-04-04,41.220001220703125,43.002498626708984,41.192501068115234,42.90250015258789,40.353519439697266,138422000
2018-04-05,43.14500045776367,43.557498931884766,43.02000045776367,43.20000076293945,40.63334655761719,107732800
2018-04-06,42.74250030517578,43.119998931884766,42.04999923706055,42.095001220703125,39.593997955322266,140021200
2018-04-09,42.470001220703125,43.272499084472656,42.462501525878906,42.51250076293945,39.9866943359375,116070800
2018-04-10,43.25,43.5,42.88249969482422,43.3125,40.739166259765625,113634400
2018-04-11,43.057498931884766,43.47999954223633,42.92499923706055,43.11000061035156,40.54868698120117,89726400
2018-04-12,43.352500915527344,43.75,43.2599983215332,43.53499984741211,40.94844436645508,91557200
2018-04-13,43.69499969482422,43.959999084472656,43.462501525878906,43.682498931884766,41.08716583251953,100497200
2018-04-16,43.75749969482422,44.04750061035156,43.70750045776367,43.95500183105469,41.34349060058594,86313600
2018-04-17,44.122501373291016,44.73500061035156,44.102500915527344,44.560001373291016,41.91254425048828,106421600
2018-04-18,44.45249938964844,44.70500183105469,44.220001220703125,44.459999084472656,41.81848907470703,83018000
2018-04-19,43.439998626708984,43.84749984741211,43.165000915527344,43.20000076293945,40.63334655761719,139235200
2018-04-20,42.650001525878906,42.80500030517578,41.35749816894531,41.43000030517578,38.968502044677734,261964400
2018-04-23,41.70750045776367,41.72999954223633,41.022499084472656,41.310001373291016,38.85563278198242,146062000
2018-04-24,41.41749954223633,41.58250045776367,40.30500030517578,40.73500061035156,38.31480407714844,134768000
2018-04-25,40.654998779296875,41.35499954223633,40.602500915527344,40.912498474121094,38.481746673583984,113528400
2018-04-26,41.029998779296875,41.432498931884766,40.842498779296875,41.05500030517578,38.61579132080078,111852000
2018-04-27,41.0,41.08250045776367,40.157501220703125,40.58000183105469,38.16900634765625,142623200
2018-04-30,40.532501220703125,41.814998626708984,40.459999084472656,41.314998626708984,38.8603401184082,169709600
2018-05-01,41.602500915527344,42.29999923706055,41.317501068115234,42.275001525878906,39.76331329345703,214277600
2018-05-02,43.807498931884766,44.4375,43.45000076293945,44.14250183105469,41.51985549926758,266157600
2018-05-03,43.970001220703125,44.375,43.61000061035156,44.22249984741211,41.595096588134766,136272800
2018-05-04,44.5625,46.0625,44.54249954223633,45.95750045776367,43.227020263671875,224805200
2018-05-07,46.29499816894531,46.91749954223633,46.1875,46.290000915527344,43.539756774902344,169805600
2018-05-08,46.247501373291016,46.55500030517578,45.91749954223633,46.51250076293945,43.749053955078125,113611200
2018-05-09,46.63750076293945,46.849998474121094,46.30500030517578,46.84000015258789,44.05707550048828,92844800
2018-05-10,46.935001373291016,47.592498779296875,46.912498474121094,47.5099983215332,44.687259674072266,111957200
2018-05-11,47.372501373291016,47.51499938964844,46.86249923706055,47.147499084472656,44.51731491088867,104848800
2018-05-14,47.252498626708984,47.38249969482422,46.96500015258789,47.037498474121094,44.413455963134766,83115200
2018-05-15,46.69499969482422,46.76750183105469,46.275001525878906,46.61000061035156,44.00981140136719,94780800
2018-05-16,46.51750183105469,47.1150016784668,46.5,47.04499816894531,44.4205322265625,76732400
2018-05-17,47.0,47.227500915527344,46.59000015258789,46.747501373291016,44.13963317871094,69176000
2018-05-18,46.79750061035156,46.95249938964844,46.532501220703125,46.57749938964844,43.979103088378906,73190800
2018-05-21,47.0,47.317501068115234,46.727500915527344,46.907501220703125,44.29071044921875,73603200
2018-05-22,47.095001220703125,47.220001220703125,46.69499969482422,46.790000915527344,44.179752349853516,60962800
2018-05-23,46.587501525878906,47.125,46.439998626708984,47.09000015258789,44.4630241394043,80233600
2018-05-24,47.192501068115234,47.209999084472656,46.5525016784668,47.037498474121094,44.413455963134766,92936000
2018-05-25,47.057498931884766,47.412498474121094,46.912498474121094,47.14500045776367,44.51496124267578,69844000
2018-05-29,46.900001525878906,47.1875,46.717498779296875,46.974998474121094,44.354434967041016,90056400
2018-05-30,46.93000030517578,47.0,46.69499969482422,46.875,44.2600212097168,74762000
2018-05-31,46.80500030517578,47.057498931884766,46.53499984741211,46.717498779296875,44.111305236816406,109931200
2018-06-01,46.997501373291016,47.564998626708984,46.9375,47.560001373291016,44.906795501708984,93770000
2018-06-04,47.90999984741211,48.35499954223633,47.837501525878906,47.95750045776367,45.28212356567383,105064800
2018-06-05,48.26750183105469,48.48500061035156,48.09000015258789,48.32749938964844,45.631492614746094,86264000
2018-06-06,48.407501220703125,48.52000045776367,47.97999954223633,48.494998931884766,45.789642333984375,83734400
2018-06-07,48.53499984741211,48.54999923706055,48.084999084472656,48.3650016784668,45.666893005371094,85388800
2018-06-08,47.79249954223633,48.0,47.442501068115234,47.92499923706055,45.25143814086914,106627200
2018-06-11,47.837501525878906,47.99250030517578,47.5525016784668,47.807498931884766,45.140499114990234,73234000
2018-06-12,47.84749984741211,48.15250015258789,47.787498474121094,48.06999969482422,45.38835906982422,67644400
2018-06-13,48.10499954223633,48.220001220703125,47.61000061035156,47.67499923706055,45.01538848876953,86553600
2018-06-14,47.88750076293945,47.89250183105469,47.55500030517578,47.70000076293945,45.03899383544922,86440400
2018-06-15,47.50749969482422,47.540000915527344,47.064998626708984,47.209999084472656,44.576316833496094,246876800
2018-06-18,46.970001220703125,47.30500030517578,46.79999923706055,47.185001373291016,44.552730560302734,73939600
2018-06-19,46.28499984741211,46.58250045776367,45.86249923706055,46.42250061035156,43.832759857177734,134314000
2018-06-20,46.587501525878906,46.79999923706055,46.432498931884766,46.625,44.023963928222656,82514800
2018-06-21,46.8125,47.087501525878906,46.23500061035156,46.3650016784668,43.778472900390625,102847600
2018-06-22,46.529998779296875,46.537498474121094,46.17499923706055,46.22999954223633,43.6510009765625,108801600
2018-06-25,45.849998474121094,46.22999954223633,45.182498931884766,45.54249954223633,43.00185012817383,126652400
2018-06-26,45.747501373291016,46.63249969482422,45.6349983215332,46.10749816894531,43.53533172607422,98276800
2018-06-27,46.307498931884766,46.81999969482422,46.00749969482422,46.040000915527344,43.47160339355469,101141200
2018-06-28,46.025001525878906,46.5525016784668,45.95000076293945,46.375,43.787925720214844,69460800
2018-06-29,46.5724983215332,46.79750061035156,45.727500915527344,46.27750015258789,43.69585418701172,90950800
2018-07-02,45.95500183105469,46.82500076293945,45.85499954223633,46.79499816894531,44.18448257446289,70925200
2018-07-03,46.9474983215332,46.98749923706055,45.8849983215332,45.97999954223633,43.414947509765625,55819200
2018-07-05,46.314998626708984,46.602500915527344,46.06999969482422,46.349998474121094,43.764305114746094,66416800
2018-07-06,46.35499954223633,47.10749816894531,46.29999923706055,46.99250030517578,44.3709602355957,69940800
2018-07-09,47.375,47.66999816894531,47.32500076293945,47.64500045776367,44.987056732177734,79026400
2018-07-10,47.6775016784668,47.81999969482422,47.54499816894531,47.587501525878906,44.932777404785156,63756400
2018-07-11,47.125,47.44499969482422,46.90250015258789,46.970001220703125,44.34971618652344,75326000
2018-07-12,47.38249969482422,47.852500915527344,47.32749938964844,47.75749969482422,45.093299865722656,72164400
2018-07-13,47.77000045776367,47.959999084472656,47.724998474121094,47.83250045776367,45.16410446166992,50055600
2018-07-16,47.880001068115234,48.162498474121094,47.60499954223633,47.727500915527344,45.06496047973633,60172400
2018-07-17,47.4375,47.967498779296875,47.29999923706055,47.86249923706055,45.19242477416992,62138000
2018-07-18,47.94499969482422,47.95000076293945,47.48249816894531,47.599998474121094,44.9445686340332,65573600
2018-07-19,47.42250061035156,48.13750076293945,47.42250061035156,47.970001220703125,45.29393005371094,81147200
2018-07-20,47.94499969482422,48.10749816894531,47.54249954223633,47.86000061035156,45.1900749206543,82704800
2018-07-23,47.66999816894531,47.9900016784668,47.38999938964844,47.90250015258789,45.23019790649414,63957600
2018-07-24,48.11249923706055,48.415000915527344,48.01250076293945,48.25,45.55830764770508,74791600
2018-07-25,48.26499938964844,48.712501525878906,48.10749816894531,48.70500183105469,45.98793029785156,66839600
2018-07-26,48.65250015258789,48.9900016784668,48.40250015258789,48.5525016784668,45.843936920166016,76304000
2018-07-27,48.747501373291016,48.79750061035156,47.525001525878906,47.744998931884766,45.081485748291016,96096000
2018-07-30,47.974998474121094,48.04999923706055,47.26750183105469,47.477500915527344,44.828914642333984,84118000
2018-07-31,47.57500076293945,48.03499984741211,47.334999084472656,47.5724983215332,44.91861343383789,157492000
2018-08-01,49.782501220703125,50.439998626708984,49.32749938964844,50.375,47.56476974487305,271742800
2018-08-02,50.14500045776367,52.095001220703125,50.087501525878906,51.84749984741211,48.95513153076172,249616000
2018-08-03,51.75749969482422,52.185001373291016,51.369998931884766,51.997501373291016,49.09675216674805,133789600
2018-08-06,52.0,52.3125,51.76750183105469,52.26750183105469,49.3516845703125,101701600
2018-08-07,52.33000183105469,52.375,51.689998626708984,51.77750015258789,48.889015197753906,102349600
2018-08-08,51.51250076293945,51.95249938964844,51.130001068115234,51.8125,48.92207336425781,90102000
2018-08-09,52.38249969482422,52.44499969482422,51.79999923706055,52.220001220703125,49.30683898925781,93970400
2018-08-10,51.84000015258789,52.275001525878906,51.66749954223633,51.88249969482422,49.159976959228516,98444800
2018-08-13,52.32749938964844,52.73749923706055,51.92499923706055,52.217498779296875,49.47738265991211,103563600
2018-08-14,52.540000915527344,52.63999938964844,52.064998626708984,52.4375,49.68584442138672,82992000
2018-08-15,52.30500030517578,52.685001373291016,52.08250045776367,52.560001373291016,49.80192184448242,115230400
2018-08-16,52.9375,53.45249938964844,52.86750030517578,53.33000183105469,50.53152084350586,114001600
2018-08-17,53.36000061035156,54.48749923706055,53.290000915527344,54.39500045776367,51.54064178466797,141708000
2018-08-20,54.525001525878906,54.79499816894531,53.77750015258789,53.8650016784668,51.03843688964844,121150800
2018-08-21,54.20000076293945,54.29750061035156,53.50749969482422,53.7599983215332,50.93894958496094,104639200
2018-08-22,53.525001525878906,54.09000015258789,53.459999084472656,53.76250076293945,50.941322326660156,76072400
2018-08-23,53.662498474121094,54.26250076293945,53.650001525878906,53.872501373291016,51.04554748535156,75532800
2018-08-24,54.150001525878906,54.224998474121094,53.77750015258789,54.040000915527344,51.20425796508789,73905600
2018-08-27,54.287498474121094,54.685001373291016,54.08250045776367,54.48500061035156,51.62590408325195,82100400
2018-08-28,54.752498626708984,55.1349983215332,54.72999954223633,54.92499923706055,52.042816162109375,91107200
2018-08-29,55.037498474121094,55.872501373291016,54.852500915527344,55.744998931884766,52.81978225708008,109019200
2018-08-30,55.8125,57.064998626708984,55.599998474121094,56.25749969482422,53.30540466308594,195175200
2018-08-31,56.627498626708984,57.217498779296875,56.5,56.907501220703125,53.92129898071289,173360400
2018-09-04,57.102500915527344,57.29499816894531,56.657501220703125,57.09000015258789,54.09421157836914,109560400
2018-09-05,57.247501373291016,57.41749954223633,56.275001525878906,56.717498779296875,53.74126052856445,133332000
2018-09-06,56.557498931884766,56.837501525878906,55.32500076293945,55.775001525878906,52.84822082519531,137160000
2018-09-07,55.462501525878906,56.342498779296875,55.1775016784668,55.32500076293945,52.42183303833008,150479200
2018-09-10,55.23749923706055,55.462501525878906,54.11750030517578,54.58250045776367,51.71829605102539,158066000
2018-09-11,54.502498626708984,56.07500076293945,54.13999938964844,55.962501525878906,53.025882720947266,142996000
2018-09-12,56.23500061035156,56.25,54.959999084472656,55.26750183105469,52.36735916137695,197114800
2018-09-13,55.880001068115234,57.087501525878906,55.64250183105469,56.602500915527344,53.63228988647461,166825600
2018-09-14,56.4375,56.709999084472656,55.630001068115234,55.959999084472656,53.02350997924805,127997200
2018-09-17,55.537498474121094,55.73749923706055,54.317501068115234,54.470001220703125,51.61170196533203,148780400
2018-09-18,54.4474983215332,55.462501525878906,54.279998779296875,54.560001373291016,51.69697189331055,126286800
2018-09-19,54.625,54.904998779296875,53.82500076293945,54.592498779296875,51.72776794433594,108495200
2018-09-20,55.060001373291016,55.56999969482422,54.787498474121094,55.00749969482422,52.12098693847656,106435200
2018-09-21,55.19499969482422,55.34000015258789,54.3224983215332,54.415000915527344,51.559574127197266,384986800
2018-09-24,54.20500183105469,55.314998626708984,54.157501220703125,55.1974983215332,52.30101013183594,110773600
2018-09-25,54.9375,55.70500183105469,54.92499923706055,55.54750061035156,52.63266372680664,98217600
2018-09-26,55.25,55.9375,54.939998626708984,55.10499954223633,52.213375091552734,95938800
2018-09-27,55.95500183105469,56.61000061035156,55.8849983215332,56.23749923706055,53.286441802978516,120724800
2018-09-28,56.1974983215332,56.459999084472656,56.005001068115234,56.435001373291016,53.47357940673828,91717600
2018-10-01,56.98749923706055,57.35499954223633,56.587501525878906,56.814998626708984,53.83363723754883,94403200
2018-10-02,56.8125,57.5,56.657501220703125,57.31999969482422,54.3121452331543,99152800
2018-10-03,57.51250076293945,58.36750030517578,57.44499969482422,58.01750183105469,54.97304916381836,114619200
2018-10-04,57.69499969482422,58.087501525878906,56.682498931884766,56.997501373291016,54.00656509399414,128168000
2018-10-05,56.9900016784668,57.102500915527344,55.14500045776367,56.0724983215332,53.13009262084961,134322000
2018-10-08,55.5525016784668,56.20000076293945,55.04999923706055,55.942501068115234,53.006935119628906,118655600
2018-10-09,55.90999984741211,56.817501068115234,55.5625,56.717498779296875,53.74126052856445,107564000
2018-10-10,56.3650016784668,56.587501525878906,54.01250076293945,54.09000015258789,51.251625061035156,167962400
2018-10-11,53.630001068115234,54.875,53.08000183105469,53.61249923706055,50.799190521240234,212497600
2018-10-12,55.10499954223633,55.720001220703125,54.209999084472656,55.52750015258789,52.613704681396484,161351600
2018-10-15,55.290000915527344,55.45750045776367,54.317501068115234,54.34000015258789,51.488525390625,123164000
2018-10-16,54.73249816894531,55.747501373291016,54.189998626708984,55.537498474121094,52.62318420410156,116736000
2018-10-17,55.57500076293945,55.65999984741211,54.834999084472656,55.29750061035156,52.39576721191406,91541600
2018-10-18,54.46500015258789,54.935001373291016,53.25,54.005001068115234,51.17109680175781,130325200
2018-10-19,54.51499938964844,55.314998626708984,54.35749816894531,54.82749938964844,51.950439453125,132314800
2018-10-22,54.9474983215332,55.84000015258789,54.73500061035156,55.162498474121094,52.26784896850586,115168400
2018-10-23,53.95750045776367,55.8125,53.67499923706055,55.682498931884766,52.76057434082031,155071200
2018-10-24,55.650001525878906,56.057498931884766,53.6349983215332,53.772499084472656,50.95079803466797,163702000
2018-10-25,54.4275016784668,55.345001220703125,54.1875,54.95000076293945,52.06650161743164,119423200
2018-10-26,53.974998474121094,55.04750061035156,53.16749954223633,54.07500076293945,51.23741912841797,189033600
2018-10-29,54.79750061035156,54.92250061035156,51.522499084472656,53.060001373291016,50.27568817138672,183742000
2018-10-30,52.787498474121094,53.79499816894531,52.317501068115234,53.32500076293945,50.52677536010742,146640000
2018-10-31,54.220001220703125,55.11249923706055,54.154998779296875,54.71500015258789,51.843841552734375,153435600
2018-11-01,54.76250076293945,55.59000015258789,54.20249938964844,55.55500030517578,52.6397590637207,233292800
2018-11-02,52.38750076293945,53.412498474121094,51.35749816894531,51.869998931884766,49.14812469482422,365314800
2018-11-05,51.07500076293945,51.09749984741211,49.54249954223633,50.397499084472656,47.752906799316406,264654800
2018-11-06,50.47999954223633,51.18000030517578,50.42250061035156,50.942501068115234,48.26931381225586,127531600
2018-11-07,51.49250030517578,52.51499938964844,51.032501220703125,52.48749923706055,49.73322296142578,133697600
2018-11-08,52.494998931884766,52.529998779296875,51.6875,52.122501373291016,49.55971145629883,101450400
2018-11-09,51.38750076293945,51.502498626708984,50.5625,51.11750030517578,48.6041259765625,137463200
2018-11-12,49.75,49.962501525878906,48.4474983215332,48.54249954223633,46.155723571777344,204542000
2018-11-13,47.907501220703125,49.29499816894531,47.86249923706055,48.057498931884766,45.694576263427734,187531600
2018-11-14,48.474998474121094,48.619998931884766,46.48249816894531,46.70000076293945,44.40381622314453,243204000
2018-11-15,47.09749984741211,47.99250030517578,46.724998474121094,47.852500915527344,45.49964904785156,185915200
2018-11-16,47.625,48.74250030517578,47.3650016784668,48.38249969482422,46.003604888916016,147713200
2018-11-19,47.5,47.67499923706055,46.247501373291016,46.46500015258789,44.180389404296875,167701200
2018-11-20,44.592498779296875,45.36750030517578,43.877498626708984,44.244998931884766,42.06953048706055,271300800
2018-11-21,44.932498931884766,45.067501068115234,44.13750076293945,44.19499969482422,42.02198028564453,124496800
2018-11-23,43.73500061035156,44.150001525878906,43.025001525878906,43.0724983215332,40.95468521118164,94496000
2018-11-26,43.560001373291016,43.73749923706055,42.564998626708984,43.654998779296875,41.5085334777832,179994000
2018-11-27,42.877498626708984,43.692501068115234,42.720001220703125,43.560001373291016,41.418212890625,165549600
2018-11-28,44.182498931884766,45.3224983215332,43.73249816894531,45.23500061035156,43.01085662841797,184250000
2018-11-29,45.665000915527344,45.70000076293945,44.42499923706055,44.88750076293945,42.6804313659668,167080000
2018-11-30,45.0724983215332,45.08250045776367,44.25749969482422,44.64500045776367,42.449867248535156,158126000
2018-12-03,46.1150016784668,46.23500061035156,45.3025016784668,46.20500183105469,43.93317413330078,163210000
2018-12-04,45.23749923706055,45.59749984741211,44.067501068115234,44.17250061035156,42.00059127807617,165377200
2018-12-06,42.939998626708984,43.69499969482422,42.60499954223633,43.68000030517578,41.53230667114258,172393600
2018-12-07,43.372501373291016,43.622501373291016,42.07500076293945,42.122501373291016,40.051387786865234,169126400
2018-12-10,41.25,42.522499084472656,40.83250045776367,42.400001525878906,40.31524658203125,248104000
2018-12-11,42.915000915527344,42.9474983215332,41.75,42.157501220703125,40.08467102050781,189126800
2018-12-12,42.599998474121094,42.97999954223633,42.255001068115234,42.275001525878906,40.19639205932617,142510800
2018-12-13,42.622501373291016,43.14250183105469,42.38750076293945,42.73749923706055,40.63615036010742,127594400
2018-12-14,42.25,42.27000045776367,41.31999969482422,41.369998931884766,39.33589172363281,162814800
2018-12-17,41.36249923706055,42.087501525878906,40.682498931884766,40.98500061035156,38.96982192993164,177151600
2018-12-18,41.345001220703125,41.88249969482422,41.09749984741211,41.51750183105469,39.47614288330078,135366000
2018-12-19,41.5,41.86249923706055,39.772499084472656,40.22249984741211,38.244815826416016,196189200
2018-12-20,40.099998474121094,40.52750015258789,38.82500076293945,39.20750045776367,37.27970886230469,259092000
2018-12-21,39.21500015258789,39.540000915527344,37.407501220703125,37.682498931884766,35.8297004699707,382978400
2018-12-24,37.037498474121094,37.88750076293945,36.647499084472656,36.70750045776367,34.902645111083984,148676800
2018-12-26,37.07500076293945,39.307498931884766,36.68000030517578,39.29249954223633,37.36055374145508,234330000
2018-12-27,38.959999084472656,39.192501068115234,37.51750183105469,39.037498474121094,37.118072509765625,212468400
2018-12-28,39.375,39.630001068115234,38.63750076293945,39.057498931884766,37.13710021972656,169165600
2018-12-31,39.63249969482422,39.84000015258789,39.119998931884766,39.435001373291016,37.49604034423828,140014000
2019-01-02,38.72249984741211,39.712501525878906,38.557498931884766,39.47999954223633,37.53882598876953,148158800
2019-01-03,35.994998931884766,36.43000030517578,35.5,35.54750061035156,33.799678802490234,365248800
2019-01-04,36.13249969482422,37.13750076293945,35.95000076293945,37.064998626708984,35.242549896240234,234428400
2019-01-07,37.17499923706055,37.20750045776367,36.474998474121094,36.98249816894531,35.16412353515625,219111200
2019-01-08,37.38999938964844,37.95500183105469,37.130001068115234,37.6875,35.83445358276367,164101200
2019-01-09,37.8224983215332,38.63249969482422,37.407501220703125,38.32749938964844,36.4429817199707,180396400
2019-01-10,38.125,38.49250030517578,37.71500015258789,38.45000076293945,36.55947494506836,143122800
2019-01-11,38.220001220703125,38.42499923706055,37.877498626708984,38.0724983215332,36.20051956176758,108092800
2019-01-14,37.712501525878906,37.817501068115234,37.30500030517578,37.5,35.656166076660156,129756800
2019-01-15,37.567501068115234,38.34749984741211,37.51250076293945,38.26750183105469,36.38593673706055,114843600
2019-01-16,38.27000045776367,38.970001220703125,38.25,38.73500061035156,36.8304557800293,122278800
2019-01-17,38.54999923706055,39.415000915527344,38.314998626708984,38.96500015258789,37.04914474487305,119284800
2019-01-18,39.375,39.470001220703125,38.994998931884766,39.20500183105469,37.27733612060547,135004000
2019-01-22,39.102500915527344,39.182498931884766,38.154998779296875,38.32500076293945,36.44062042236328,121576000
2019-01-23,38.537498474121094,38.78499984741211,37.92499923706055,38.47999954223633,36.58799362182617,92522400
2019-01-24,38.52750015258789,38.619998931884766,37.935001373291016,38.17499923706055,36.29798126220703,101766000
2019-01-25,38.869998931884766,39.532501220703125,38.58000183105469,39.439998626708984,37.50078201293945,134142000
2019-01-28,38.9474983215332,39.08250045776367,38.415000915527344,39.07500076293945,37.15373611450195,104768400
2019-01-29,39.0625,39.532501220703125,38.52750015258789,38.66999816894531,36.768638610839844,166348800
2019-01-30,40.8125,41.537498474121094,40.057498931884766,41.3125,39.28120040893555,244439200
2019-01-31,41.52750015258789,42.25,41.13999938964844,41.61000061035156,39.564090728759766,162958400
2019-02-01,41.7400016784668,42.244998931884766,41.48249816894531,41.630001068115234,39.583106994628906,130672400
2019-02-04,41.852500915527344,42.915000915527344,41.81999969482422,42.8125,40.70746612548828,125982000
2019-02-05,43.21500015258789,43.77000045776367,43.087501525878906,43.54499816894531,41.40393829345703,144406400
2019-02-06,43.662498474121094,43.89250183105469,43.212501525878906,43.560001373291016,41.418212890625,112958400
2019-02-07,43.099998474121094,43.48500061035156,42.584999084472656,42.73500061035156,40.6337776184082,126966800
2019-02-08,42.247501373291016,42.665000915527344,42.10499954223633,42.602500915527344,40.681514739990234,95280000
2019-02-11,42.76250076293945,42.8025016784668,42.3125,42.35749816894531,40.447566986083984,83973600
2019-02-12,42.525001525878906,42.75,42.42499923706055,42.72249984741211,40.796104431152344,89134000
2019-02-13,42.84749984741211,43.119998931884766,42.47999954223633,42.54499816894531,40.62660598754883,89960800
2019-02-14,42.4275016784668,42.814998626708984,42.345001220703125,42.70000076293945,40.77462387084961,87342800
2019-02-15,42.8125,42.92499923706055,42.4375,42.60499954223633,40.68390655517578,98507200
2019-02-19,42.4275016784668,42.86000061035156,42.372501373291016,42.73249816894531,40.8056526184082,75891200
2019-02-20,42.79750061035156,43.33000183105469,42.747501373291016,43.00749969482422,41.0682487487793,104457600
2019-02-21,42.95000076293945,43.092498779296875,42.57500076293945,42.76499938964844,40.83668899536133,68998800
2019-02-22,42.89500045776367,43.25,42.845001220703125,43.24250030517578,41.292667388916016,75652800
2019-02-25,43.540000915527344,43.967498779296875,43.48749923706055,43.557498931884766,41.59346389770508,87493600
2019-02-26,43.4275016784668,43.82500076293945,43.29249954223633,43.58250045776367,41.61733627319336,68280800
2019-02-27,43.3025016784668,43.75,43.182498931884766,43.717498779296875,41.746246337890625,111341600
2019-02-28,43.58000183105469,43.727500915527344,43.22999954223633,43.287498474121094,41.33563995361328,112861600
2019-03-01,43.56999969482422,43.787498474121094,43.22249984741211,43.74250030517578,41.77011489868164,103544800
2019-03-04,43.92250061035156,44.4375,43.49250030517578,43.962501525878906,41.98019790649414,109744800
2019-03-05,43.98500061035156,44.0,43.6349983215332,43.88249969482422,41.903804779052734,78949600
2019-03-06,43.66749954223633,43.872501373291016,43.48500061035156,43.630001068115234,41.66269302368164,83241600
2019-03-07,43.467498779296875,43.61000061035156,43.005001068115234,43.125,41.18046188354492,99185600
2019-03-08,42.58000183105469,43.26750183105469,42.375,43.227500915527344,41.2783317565918,95997600
2019-03-11,43.872501373291016,44.779998779296875,43.837501525878906,44.724998474121094,42.70831298828125,128044000
2019-03-12,45.0,45.66749954223633,44.842498779296875,45.227500915527344,43.18815994262695,129870400
2019-03-13,45.5625,45.82500076293945,45.22999954223633,45.4275016784668,43.379146575927734,124130000
2019-03-14,45.974998474121094,46.025001525878906,45.63999938964844,45.932498931884766,43.86136245727539,94318000
2019-03-15,46.212501525878906,46.83250045776367,45.935001373291016,46.529998779296875,44.431922912597656,156171600
2019-03-18,46.45000076293945,47.09749984741211,46.4474983215332,47.005001068115234,44.8855094909668,104879200
2019-03-19,47.087501525878906,47.247501373291016,46.47999954223633,46.63249969482422,44.52980422973633,126585600
2019-03-20,46.557498931884766,47.372501373291016,46.182498931884766,47.040000915527344,44.91891860961914,124140800
2019-03-21,47.505001068115234,49.08250045776367,47.45249938964844,48.772499084472656,46.57331848144531,204136800
2019-03-22,48.834999084472656,49.42250061035156,47.69499969482422,47.76250076293945,45.60885238647461,169630800
2019-03-25,47.877498626708984,47.994998931884766,46.650001525878906,47.185001373291016,45.057395935058594,175381200
2019-03-26,47.915000915527344,48.220001220703125,46.14500045776367,46.6974983215332,44.591880798339844,199202000
2019-03-27,47.1875,47.439998626708984,46.63750076293945,47.11750030517578,44.9929313659668,119393600
2019-03-28,47.23749923706055,47.38999938964844,46.88249969482422,47.18000030517578,45.05262756347656,83121600
2019-03-29,47.45750045776367,47.52000045776367,47.1349983215332,47.48749923706055,45.34624481201172,94256000
2019-04-01,47.90999984741211,47.91999816894531,47.095001220703125,47.810001373291016,45.65420913696289,111448000
2019-04-02,47.772499084472656,48.6150016784668,47.76250076293945,48.505001068115234,46.317874908447266,91062800
2019-04-03,48.3125,49.125,48.287498474121094,48.837501525878906,46.6353759765625,93087200
2019-04-04,48.6974983215332,49.092498779296875,48.28499984741211,48.92250061035156,46.716548919677734,76457200
2019-04-05,49.11249923706055,49.275001525878906,48.98249816894531,49.25,47.02927780151367,74106400
2019-04-08,49.10499954223633,50.057498931884766,49.084999084472656,50.025001525878906,47.76933288574219,103526800
2019-04-09,50.08000183105469,50.712501525878906,49.807498931884766,49.875,47.6260871887207,143072800
2019-04-10,49.66999816894531,50.185001373291016,49.54499816894531,50.154998779296875,47.893470764160156,86781200
2019-04-11,50.212501525878906,50.25,49.61000061035156,49.73749923706055,47.49478530883789,83603200
2019-04-12,49.79999923706055,50.03499984741211,49.0525016784668,49.717498779296875,47.47569274902344,111042800
2019-04-15,49.64500045776367,49.962501525878906,49.502498626708984,49.807498931884766,47.56163787841797,70146400
2019-04-16,49.8650016784668,50.342498779296875,49.63999938964844,49.8125,47.5664176940918,102785600
2019-04-17,49.8849983215332,50.845001220703125,49.65250015258789,50.782501220703125,48.49267578125,115627200
2019-04-18,50.779998779296875,51.037498474121094,50.630001068115234,50.96500015258789,48.66695022583008,96783200
2019-04-22,50.70750045776367,51.23500061035156,50.584999084472656,51.13249969482422,48.82689666748047,77758000
2019-04-23,51.10749816894531,51.9375,50.974998474121094,51.869998931884766,49.531131744384766,93292000
2019-04-24,51.84000015258789,52.119998931884766,51.76250076293945,51.790000915527344,49.45474624633789,70162400
2019-04-25,51.70750045776367,51.939998626708984,51.279998779296875,51.31999969482422,49.00594711303711,74172800
2019-04-26,51.224998474121094,51.25,50.529998779296875,51.07500076293945,48.7719841003418,74596400
2019-04-29,51.099998474121094,51.49250030517578,50.96500015258789,51.15250015258789,48.845985412597656,88818800
2019-04-30,50.76499938964844,50.849998474121094,49.77750015258789,50.16749954223633,47.90541076660156,186139600
2019-05-01,52.470001220703125,53.82749938964844,52.307498931884766,52.630001068115234,50.256874084472656,259309200
2019-05-02,52.459999084472656,53.162498474121094,52.032501220703125,52.287498474121094,49.92980194091797,127985200
2019-05-03,52.72249984741211,52.959999084472656,52.557498931884766,52.9375,50.550514221191406,83569600
2019-05-06,51.0724983215332,52.209999084472656,50.875,52.119998931884766,49.769866943359375,129772400
2019-05-07,51.470001220703125,51.85499954223633,50.20750045776367,50.71500015258789,48.42821502685547,155054800
2019-05-08,50.474998474121094,51.334999084472656,50.4375,50.724998474121094,48.43777084350586,105358000
2019-05-09,50.099998474121094,50.41999816894531,49.165000915527344,50.18000030517578,47.917354583740234,139634400
2019-05-10,49.35499954223633,49.712501525878906,48.192501068115234,49.29499816894531,47.2535285949707,164834800
2019-05-13,46.9275016784668,47.369998931884766,45.712501525878906,46.43000030517578,44.50716781616211,229722400
2019-05-14,46.602500915527344,47.42499923706055,46.352500915527344,47.165000915527344,45.211727142333984,146118800
2019-05-15,46.567501068115234,47.9375,46.505001068115234,47.72999954223633,45.75333023071289,106178800
2019-05-16,47.477500915527344,48.11750030517578,47.209999084472656,47.52000045776367,45.552024841308594,132125600
2019-05-17,46.73249816894531,47.724998474121094,46.689998626708984,47.25,45.293209075927734,131516400
2019-05-20,45.880001068115234,46.087501525878906,45.06999969482422,45.772499084472656,43.876895904541016,154449200
2019-05-21,46.30500030517578,47.0,46.17499923706055,46.650001525878906,44.71806335449219,113459200
2019-05-22,46.165000915527344,46.4275016784668,45.63750076293945,45.69499969482422,43.802608489990234,118994400
2019-05-23,44.95000076293945,45.1349983215332,44.45249938964844,44.915000915527344,43.0549201965332,146118800
2019-05-24,45.04999923706055,45.53499984741211,44.654998779296875,44.74250030517578,42.889556884765625,94858800
2019-05-28,44.72999954223633,45.147499084472656,44.477500915527344,44.557498931884766,42.712223052978516,111792800
2019-05-29,44.10499954223633,44.837501525878906,44.0,44.345001220703125,42.50851821899414,113924800
2019-05-30,44.48749923706055,44.807498931884766,44.16749954223633,44.57500076293945,42.72899627685547,84873600
2019-05-31,44.057498931884766,44.497501373291016,43.747501373291016,43.76750183105469,41.95493698120117,108174400
2019-06-03,43.900001525878906,44.47999954223633,42.567501068115234,43.32500076293945,41.5307502746582,161584400
2019-06-04,43.86000061035156,44.95750045776367,43.630001068115234,44.90999984741211,43.05012130737305,123872000
2019-06-05,46.06999969482422,46.247501373291016,45.28499984741211,45.6349983215332,43.7451057434082,119093600
2019-06-06,45.77000045776367,46.36750030517578,45.537498474121094,46.30500030517578,44.38734436035156,90105200
2019-06-07,46.627498626708984,47.97999954223633,46.442501068115234,47.537498474121094,45.56880569458008,122737600
2019-06-10,47.95249938964844,48.842498779296875,47.904998779296875,48.14500045776367,46.151153564453125,104883600
2019-06-11,48.71500015258789,49.0,48.400001525878906,48.70249938964844,46.68556213378906,107731600
2019-06-12,48.48749923706055,48.99250030517578,48.34749984741211,48.54750061035156,46.536983489990234,73012800
2019-06-13,48.67499923706055,49.1974983215332,48.400001525878906,48.537498474121094,46.52739715576172,86698400
2019-06-14,47.88750076293945,48.397499084472656,47.57500076293945,48.185001373291016,46.18950653076172,75046000
2019-06-17,48.224998474121094,48.7400016784668,48.04249954223633,48.47249984741211,46.465084075927734,58676400
2019-06-18,49.01250076293945,50.0724983215332,48.8025016784668,49.61249923706055,47.557861328125,106204000
2019-06-19,49.91999816894531,49.970001220703125,49.32749938964844,49.467498779296875,47.41887664794922,84496800
2019-06-20,50.092498779296875,50.15250015258789,49.50749969482422,49.8650016784668,47.7999153137207,86056000
2019-06-21,49.70000076293945,50.212501525878906,49.537498474121094,49.69499969482422,47.636959075927734,191202400
2019-06-24,49.6349983215332,50.040000915527344,49.54249954223633,49.64500045776367,47.58903503417969,72881600
2019-06-25,49.60749816894531,49.814998626708984,48.8224983215332,48.89250183105469,46.86769104003906,84281200
2019-06-26,49.442501068115234,50.247501373291016,49.337501525878906,49.95000076293945,47.881412506103516,104270000
2019-06-27,50.0724983215332,50.39250183105469,49.89250183105469,49.935001373291016,47.86701965332031,83598800
2019-06-28,49.66999816894531,49.875,49.26250076293945,49.47999954223633,47.43085861206055,124442400
2019-07-01,50.79249954223633,51.122501373291016,50.162498474121094,50.38750076293945,48.30077362060547,109012000
2019-07-02,50.352500915527344,50.782501220703125,50.34000015258789,50.682498931884766,48.58356857299805,67740800
2019-07-03,50.81999969482422,51.11000061035156,50.67250061035156,51.102500915527344,48.98616409301758,45448000
2019-07-05,50.837501525878906,51.27000045776367,50.724998474121094,51.057498931884766,48.94302749633789,69062000
2019-07-08,50.20249938964844,50.349998474121094,49.602500915527344,50.005001068115234,47.93412780761719,101354400
2019-07-09,49.79999923706055,50.377498626708984,49.70249938964844,50.310001373291016,48.22649383544922,82312000
2019-07-10,50.462501525878906,50.932498931884766,50.38999938964844,50.807498931884766,48.70337677001953,71588400
2019-07-11,50.82749938964844,51.09749984741211,50.4275016784668,50.4375,48.34870529174805,80767200
2019-07-12,50.61249923706055,51.0,50.54999923706055,50.82500076293945,48.72016143798828,70380800
2019-07-15,51.022499084472656,51.467498779296875,51.0,51.3025016784668,49.177886962890625,67789600
2019-07-16,51.147499084472656,51.52750015258789,50.875,51.125,49.00774383544922,67467200
2019-07-17,51.01250076293945,51.272499084472656,50.817501068115234,50.837501525878906,48.732147216796875,56430000
2019-07-18,51.0,51.470001220703125,50.92499923706055,51.415000915527344,49.28572463989258,74162400
2019-07-19,51.4474983215332,51.625,50.59000015258789,50.647499084472656,48.55001449584961,83717200
2019-07-22,50.912498474121094,51.807498931884766,50.90250015258789,51.80500030517578,49.659568786621094,89111600
2019-07-23,52.1150016784668,52.227500915527344,51.8224983215332,52.209999084472656,50.04780578613281,73420800
2019-07-24,51.91749954223633,52.287498474121094,51.79249954223633,52.16749954223633,50.00706481933594,59966400
2019-07-25,52.22249984741211,52.310001373291016,51.682498931884766,51.755001068115234,49.61164474487305,55638400
2019-07-26,51.869998931884766,52.432498931884766,51.78499984741211,51.935001373291016,49.78419876098633,70475600
2019-07-29,52.1150016784668,52.65999984741211,52.11000061035156,52.41999816894531,50.24911117553711,86693600
2019-07-30,52.189998626708984,52.540000915527344,51.82749938964844,52.19499969482422,50.03342056274414,135742800
2019-07-31,54.10499954223633,55.342498779296875,52.82500076293945,53.2599983215332,51.054317474365234,277125600
2019-08-01,53.474998474121094,54.50749969482422,51.685001373291016,52.10749816894531,49.94955062866211,216071600
2019-08-02,51.38249969482422,51.60749816894531,50.407501220703125,51.005001068115234,48.8927116394043,163448400
2019-08-05,49.497501373291016,49.662498474121094,48.14500045776367,48.334999084472656,46.33327865600586,209572000
2019-08-06,49.07749938964844,49.51750183105469,48.5099983215332,49.25,47.21038818359375,143299200
2019-08-07,48.852500915527344,49.88999938964844,48.45500183105469,49.7599983215332,47.69927215576172,133457600
2019-08-08,50.04999923706055,50.88249969482422,49.84749984741211,50.85749816894531,48.75131607055664,108038000
2019-08-09,50.32500076293945,50.689998626708984,49.8224983215332,50.247501373291016,48.34958267211914,98478800
2019-08-12,49.904998779296875,50.51250076293945,49.787498474121094,50.119998931884766,48.22690200805664,89927600
2019-08-13,50.255001068115234,53.03499984741211,50.119998931884766,52.24250030517578,50.26922607421875,188874000
2019-08-14,50.790000915527344,51.61000061035156,50.647499084472656,50.6875,48.772972106933594,146189600
2019-08-15,50.8650016784668,51.28499984741211,49.91749954223633,50.435001373291016,48.529998779296875,108909600
2019-08-16,51.06999969482422,51.790000915527344,50.959999084472656,51.625,49.6750602722168,110481600
2019-08-19,52.654998779296875,53.182498931884766,52.50749969482422,52.587501525878906,50.601200103759766,97654400
2019-08-20,52.720001220703125,53.337501525878906,52.58000183105469,52.59000015258789,50.603614807128906,107537200
2019-08-21,53.247501373291016,53.412498474121094,52.900001525878906,53.15999984741211,51.152069091796875,86141600
2019-08-22,53.29750061035156,53.61000061035156,52.6875,53.1150016784668,51.10877990722656,89014800
2019-08-23,52.35749816894531,53.01250076293945,50.25,50.65999984741211,48.74650573730469,187272000
2019-08-26,51.46500015258789,51.79750061035156,51.26499938964844,51.622501373291016,49.672645568847656,104174400
2019-08-27,51.96500015258789,52.13750076293945,50.88249969482422,51.040000915527344,49.11214828491211,103493200
2019-08-28,51.025001525878906,51.43000030517578,50.83000183105469,51.38249969482422,49.44171905517578,63755200
2019-08-29,52.125,52.33000183105469,51.665000915527344,52.252498626708984,50.27885818481445,83962000
2019-08-30,52.540000915527344,52.61249923706055,51.79999923706055,52.185001373291016,50.21391296386719,84573600
2019-09-03,51.60749816894531,51.744998931884766,51.05500030517578,51.42499923706055,49.48260498046875,80092000
2019-09-04,52.09749984741211,52.369998931884766,51.83000183105469,52.29750061035156,50.3221549987793,76752400
2019-09-05,53.0,53.49250030517578,52.877498626708984,53.31999969482422,51.3060302734375,95654800
2019-09-06,53.51250076293945,53.60499954223633,53.127498626708984,53.314998626708984,51.30121994018555,77449200
2019-09-09,53.709999084472656,54.11000061035156,52.76750183105469,53.54249954223633,51.5201416015625,109237600
2019-09-10,53.46500015258789,54.19499969482422,52.9275016784668,54.17499923706055,52.128726959228516,127111600
2019-09-11,54.51750183105469,55.9275016784668,54.432498931884766,55.897499084472656,53.786170959472656,177158400
2019-09-12,56.20000076293945,56.60499954223633,55.71500015258789,55.772499084472656,53.66590118408203,128906800
2019-09-13,55.0,55.1974983215332,54.255001068115234,54.6875,52.62187957763672,159053200
2019-09-16,54.432498931884766,55.032501220703125,54.38999938964844,54.974998474121094,52.89851760864258,84632400
2019-09-17,54.9900016784668,55.20500183105469,54.779998779296875,55.17499923706055,53.09096908569336,73274800
2019-09-18,55.26499938964844,55.712501525878906,54.86000061035156,55.692501068115234,53.58891677856445,101360000
2019-09-19,55.502498626708984,55.939998626708984,55.092498779296875,55.2400016784668,53.153507232666016,88242400
2019-09-20,55.345001220703125,55.63999938964844,54.36750030517578,54.432498931884766,52.376502990722656,221652400
2019-09-23,54.73749923706055,54.959999084472656,54.412498474121094,54.68000030517578,52.614662170410156,76662000
2019-09-24,55.25749969482422,55.622501373291016,54.29750061035156,54.41999816894531,52.364479064941406,124763200
2019-09-25,54.63750076293945,55.375,54.28499984741211,55.25749969482422,53.17034912109375,87613600
2019-09-26,55.0,55.23500061035156,54.70750045776367,54.97249984741211,52.896114349365234,75334000
2019-09-27,55.1349983215332,55.2400016784668,54.31999969482422,54.70500183105469,52.63871765136719,101408000
2019-09-30,55.224998474121094,56.14500045776367,55.1974983215332,55.99250030517578,53.87758255004883,103909600
2019-10-01,56.26750183105469,57.05500030517578,56.04999923706055,56.147499084472656,54.026729583740234,139223200
2019-10-02,55.76499938964844,55.89500045776367,54.48249816894531,54.7400016784668,52.67240524291992,138449200
2019-10-03,54.60749816894531,55.2400016784668,53.782501220703125,55.20500183105469,53.11982727050781,114426000
2019-10-04,56.40999984741211,56.872501373291016,55.97249984741211,56.752498626708984,54.608882904052734,138478800
2019-10-07,56.567501068115234,57.48249816894531,56.459999084472656,56.76499938964844,54.62089157104492,122306000
2019-10-08,56.45500183105469,57.01499938964844,56.08250045776367,56.099998474121094,53.98102569580078,111820000
2019-10-09,56.75749969482422,56.9474983215332,56.40999984741211,56.75749969482422,54.613704681396484,74770400
2019-10-10,56.98249816894531,57.61000061035156,56.82500076293945,57.522499084472656,55.34980010986328,113013600
2019-10-11,58.23749923706055,59.40999984741211,58.07749938964844,59.0525016784668,56.8220100402832,166795600
2019-10-14,58.724998474121094,59.532501220703125,58.66749954223633,58.967498779296875,56.74021911621094,96427600
2019-10-15,59.09749984741211,59.412498474121094,58.720001220703125,58.83000183105469,56.6079216003418,87360000
2019-10-16,58.342498779296875,58.810001373291016,58.29999923706055,58.592498779296875,56.37937927246094,73903200
2019-10-17,58.772499084472656,59.037498474121094,58.380001068115234,58.81999969482422,56.59829330444336,67585200
2019-10-18,58.647499084472656,59.39500045776367,58.5724983215332,59.102500915527344,56.8701171875,97433600
2019-10-21,59.380001068115234,60.247501373291016,59.33000183105469,60.127498626708984,57.85639572143555,87247200
2019-10-22,60.290000915527344,60.54999923706055,59.904998779296875,59.9900016784668,57.7241096496582,82293600
2019-10-23,60.525001525878906,60.810001373291016,60.30500030517578,60.79499816894531,58.498695373535156,75828800
2019-10-24,61.127498626708984,61.20000076293945,60.45249938964844,60.89500045776367,58.594913482666016,69275200
2019-10-25,60.790000915527344,61.682498931884766,60.720001220703125,61.64500045776367,59.31658172607422,73477200
2019-10-28,61.85499954223633,62.3125,61.68000030517578,62.26250076293945,59.9107551574707,96572800
2019-10-29,62.24250030517578,62.4375,60.64250183105469,60.8224983215332,58.525146484375,142839600
2019-10-30,61.189998626708984,61.32500076293945,60.3025016784668,60.814998626708984,58.51792907714844,124522000
2019-10-31,61.810001373291016,62.29249954223633,59.314998626708984,62.189998626708984,59.841007232666016,139162000
2019-11-01,62.3849983215332,63.98249816894531,62.290000915527344,63.95500183105469,61.53934097290039,151125200
2019-11-04,64.3324966430664,64.4625015258789,63.845001220703125,64.375,61.94347381591797,103272000
2019-11-05,64.26249694824219,64.54750061035156,64.08000183105469,64.28250122070312,61.854469299316406,79897600
2019-11-06,64.19249725341797,64.37249755859375,63.842498779296875,64.30999755859375,61.88093948364258,75864400
2019-11-07,64.68499755859375,65.0875015258789,64.52749633789062,64.85749816894531,62.5951042175293,94940400
2019-11-08,64.67250061035156,65.11000061035156,64.2125015258789,65.03500366210938,62.76640701293945,69986400
2019-11-11,64.57499694824219,65.61750030517578,64.56999969482422,65.55000305175781,63.263450622558594,81821200
2019-11-12,65.38749694824219,65.69750213623047,65.2300033569336,65.48999786376953,63.205543518066406,87388800
2019-11-13,65.28250122070312,66.19499969482422,65.26750183105469,66.11750030517578,63.8111457824707,102734400
2019-11-14,65.9375,66.22000122070312,65.5250015258789,65.66000366210938,63.36961364746094,89182800
2019-11-15,65.91999816894531,66.44499969482422,65.75250244140625,66.44000244140625,64.12239074707031,100206400
2019-11-18,66.44999694824219,66.85749816894531,66.05750274658203,66.7750015258789,64.44571685791016,86703200
2019-11-19,66.9749984741211,67.0,66.34750366210938,66.57250213623047,64.25029754638672,76167200
2019-11-20,66.38500213623047,66.5199966430664,65.0999984741211,65.79750061035156,63.50233459472656,106234400
2019-11-21,65.92250061035156,66.00250244140625,65.29499816894531,65.50250244140625,63.21761703491211,121395200
2019-11-22,65.64749908447266,65.79499816894531,65.20999908447266,65.44499969482422,63.162109375,65325200
2019-11-25,65.67749786376953,66.61000061035156,65.62999725341797,66.59249877929688,64.26961517333984,84020400
2019-11-26,66.73500061035156,66.79000091552734,65.625,66.07250213623047,63.76774215698242,105207600
2019-11-27,66.3949966430664,66.99500274658203,66.32749938964844,66.95999908447266,64.6242904663086,65235600
2019-11-29,66.6500015258789,67.0,66.4749984741211,66.8125,64.48191833496094,46617600
2019-12-02,66.81749725341797,67.0625,65.86250305175781,66.04000091552734,63.736358642578125,94487200
2019-12-03,64.57749938964844,64.88249969482422,64.07250213623047,64.86250305175781,62.59993362426758,114430400
2019-12-04,65.26750183105469,65.82749938964844,65.16999816894531,65.43499755859375,63.152462005615234,67181600
2019-12-05,65.94750213623047,66.47250366210938,65.68250274658203,66.3949966430664,64.0789566040039,74424400
2019-12-06,66.87000274658203,67.75,66.82499694824219,67.67749786376953,65.31674194335938,106075600
2019-12-09,67.5,67.69999694824219,66.22750091552734,66.7300033569336,64.40229797363281,128042400
2019-12-10,67.1500015258789,67.51750183105469,66.46499633789062,67.12000274658203,64.7786865234375,90420400
2019-12-11,67.20249938964844,67.7750015258789,67.125,67.69249725341797,65.33120727539062,78756800
2019-12-12,66.94499969482422,68.13999938964844,66.83000183105469,67.86499786376953,65.49769592285156,137310400
2019-12-13,67.86499786376953,68.82499694824219,67.73249816894531,68.7874984741211,66.38799285888672,133587600
2019-12-16,69.25,70.19750213623047,69.24500274658203,69.96499633789062,67.52445220947266,128186000
2019-12-17,69.89250183105469,70.44249725341797,69.69999694824219,70.10250091552734,67.65717315673828,114158400
2019-12-18,69.94999694824219,70.4749984741211,69.77999877929688,69.93499755859375,67.4954833984375,116028400
2019-12-19,69.875,70.29499816894531,69.73750305175781,70.00499725341797,67.56304931640625,98369200
2019-12-20,70.55750274658203,70.6624984741211,69.63999938964844,69.86000061035156,67.42308807373047,275978000
2019-12-23,70.13249969482422,71.0625,70.09249877929688,71.0,68.52334594726562,98572000
2019-12-24,71.17250061035156,71.22250366210938,70.7300033569336,71.06749725341797,68.5884780883789,48478800
2019-12-26,71.20500183105469,72.49500274658203,71.17500305175781,72.47750091552734,69.9493179321289,93121200
2019-12-27,72.77999877929688,73.49250030517578,72.02999877929688,72.44999694824219,69.92276000976562,146266000
2019-12-30,72.36499786376953,73.17250061035156,71.30500030517578,72.87999725341797,70.33776092529297,144114400
2019-12-31,72.48249816894531,73.41999816894531,72.37999725341797,73.4124984741211,70.85167694091797,100805600
2020-01-02,74.05999755859375,75.1500015258789,73.79750061035156,75.0875015258789,72.46826171875,135480400
2020-01-03,74.2874984741211,75.1449966430664,74.125,74.35749816894531,71.76375579833984,146322800
2020-01-06,73.44750213623047,74.98999786376953,73.1875,74.94999694824219,72.33554077148438,118387200
2020-01-07,74.95999908447266,75.2249984741211,74.37000274658203,74.59750366210938,71.99535369873047,108872000
2020-01-08,74.29000091552734,76.11000061035156,74.29000091552734,75.79750061035156,73.15348815917969,132079200
2020-01-09,76.80999755859375,77.60749816894531,76.55000305175781,77.40750122070312,74.70733642578125,170108400
2020-01-10,77.6500015258789,78.1675033569336,77.0625,77.5824966430664,74.87622833251953,140644800
2020-01-13,77.91000366210938,79.26750183105469,77.7874984741211,79.23999786376953,76.47589874267578,121532000
2020-01-14,79.17500305175781,79.39250183105469,78.0425033569336,78.16999816894531,75.44322967529297,161954400
2020-01-15,77.9625015258789,78.875,77.38749694824219,77.83499908447266,75.11992645263672,121923600
2020-01-16,78.39749908447266,78.92500305175781,78.02249908447266,78.80999755859375,76.06089782714844,108829200
2020-01-17,79.06749725341797,79.68499755859375,78.75,79.68250274658203,76.90300750732422,137816400
2020-01-21,79.29750061035156,79.75499725341797,79.0,79.14250183105469,76.38180541992188,110843200
2020-01-22,79.6449966430664,79.99749755859375,79.32749938964844,79.42500305175781,76.65446472167969,101832400
2020-01-23,79.4800033569336,79.88999938964844,78.9124984741211,79.80750274658203,77.02362060546875,104472000
2020-01-24,80.0625,80.8324966430664,79.37999725341797,79.57749938964844,76.8016357421875,146537600
2020-01-27,77.51499938964844,77.94249725341797,76.22000122070312,77.23750305175781,74.54327392578125,161940000
2020-01-28,78.1500015258789,79.5999984741211,78.04750061035156,79.42250061035156,76.65204620361328,162234000
2020-01-29,81.11250305175781,81.9625015258789,80.34500122070312,81.08499908447266,78.25655364990234,216229200
2020-01-30,80.13500213623047,81.02249908447266,79.6875,80.96749877929688,78.14314270019531,126743200
2020-01-31,80.23249816894531,80.66999816894531,77.07250213623047,77.37750244140625,74.67838287353516,199588400
2020-02-03,76.07499694824219,78.37249755859375,75.55500030517578,77.16500091552734,74.47328186035156,173788400
2020-02-04,78.82749938964844,79.91000366210938,78.40750122070312,79.7125015258789,76.93193054199219,136616400
2020-02-05,80.87999725341797,81.19000244140625,79.73750305175781,80.36250305175781,77.55928039550781,118826800
2020-02-06,80.64250183105469,81.30500030517578,80.06500244140625,81.30249786376953,78.46646881103516,105425600
2020-02-07,80.59249877929688,80.8499984741211,79.5,80.00749969482422,77.39989471435547,117684000
2020-02-10,78.54499816894531,80.38749694824219,78.4625015258789,80.38749694824219,77.76752471923828,109348800
2020-02-11,80.9000015258789,80.9749984741211,79.67749786376953,79.90249633789062,77.29833221435547,94323200
2020-02-12,80.36750030517578,81.80500030517578,80.36750030517578,81.80000305175781,79.13398742675781,113730400
2020-02-13,81.04750061035156,81.55500030517578,80.8375015258789,81.21749877929688,78.57047271728516,94747600
2020-02-14,81.18499755859375,81.49500274658203,80.7125015258789,81.23750305175781,78.58980560302734,80113600
2020-02-18,78.83999633789062,79.9375,78.65249633789062,79.75,77.15079498291016,152531200
2020-02-19,80.0,81.14250183105469,80.0,80.90499877929688,78.26813507080078,93984000
2020-02-20,80.65750122070312,81.1624984741211,79.55249786376953,80.07499694824219,77.4652099609375,100566000
2020-02-21,79.65499877929688,80.11250305175781,77.625,78.26249694824219,75.71177673339844,129554000
2020-02-24,74.31500244140625,76.04499816894531,72.30750274658203,74.54499816894531,72.11544036865234,222195200
2020-02-25,75.23750305175781,75.63249969482422,71.53250122070312,72.0199966430664,69.6727294921875,230673600
2020-02-26,71.63249969482422,74.47000122070312,71.625,73.1624984741211,70.77799224853516,198054800
2020-02-27,70.2750015258789,71.5,68.23999786376953,68.37999725341797,66.1513671875,320605600
2020-02-28,64.31500244140625,69.60250091552734,64.09249877929688,68.33999633789062,66.11264038085938,426510000
2020-03-02,70.56999969482422,75.36000061035156,69.43000030517578,74.70249938964844,72.2677993774414,341397200
2020-03-03,75.9175033569336,76.0,71.44999694824219,72.33000183105469,69.97264099121094,319475600
2020-03-04,74.11000061035156,75.8499984741211,73.28250122070312,75.68499755859375,73.21826171875,219178400
2020-03-05,73.87999725341797,74.88749694824219,72.85250091552734,73.2300033569336,70.84329986572266,187572800
2020-03-06,70.5,72.70500183105469,70.30750274658203,72.25749969482422,69.9024658203125,226176800
2020-03-09,65.9375,69.52249908447266,65.75,66.5425033569336,64.37377166748047,286744800
2020-03-10,69.28500366210938,71.61000061035156,67.34249877929688,71.33499908447266,69.01004028320312,285290000
2020-03-11,69.34750366210938,70.30500030517578,67.96499633789062,68.85749816894531,66.61331176757812,255598800
2020-03-12,63.98500061035156,67.5,62.0,62.057498931884766,60.03492736816406,418474000
2020-03-13,66.22250366210938,69.9800033569336,63.23749923706055,69.49250030517578,67.22760772705078,370732000
2020-03-16,60.48749923706055,64.7699966430664,60.0,60.5525016784668,58.57897186279297,322423600
2020-03-17,61.877498626708984,64.40249633789062,59.599998474121094,63.21500015258789,61.154701232910156,324056000
2020-03-18,59.942501068115234,62.5,59.279998779296875,61.66749954223633,59.657630920410156,300233600
2020-03-19,61.84749984741211,63.209999084472656,60.65250015258789,61.19499969482422,59.20052719116211,271857200
2020-03-20,61.79499816894531,62.95750045776367,57.0,57.310001373291016,55.44215393066406,401693200
2020-03-23,57.02000045776367,57.125,53.15250015258789,56.092498779296875,54.26434326171875,336752800
2020-03-24,59.09000015258789,61.92250061035156,58.57500076293945,61.720001220703125,59.70842361450195,287531200
2020-03-25,62.6875,64.5625,61.07500076293945,61.380001068115234,59.37950134277344,303602000
2020-03-26,61.630001068115234,64.66999816894531,61.59000015258789,64.61000061035156,62.50422668457031,252087200
2020-03-27,63.1875,63.967498779296875,61.76250076293945,61.935001373291016,59.916412353515625,204216800
2020-03-30,62.685001373291016,63.880001068115234,62.349998474121094,63.70249938964844,61.62630081176758,167976400
2020-03-31,63.900001525878906,65.62249755859375,63.0,63.5724983215332,61.500553131103516,197002000
2020-04-01,61.625,62.18000030517578,59.782501220703125,60.227500915527344,58.26456832885742,176218400
2020-04-02,60.084999084472656,61.287498474121094,59.224998474121094,61.23249816894531,59.236812591552734,165934000
2020-04-03,60.70000076293945,61.42499923706055,59.74250030517578,60.352500915527344,58.385498046875,129880000
2020-04-06,62.724998474121094,65.77749633789062,62.345001220703125,65.61750030517578,63.47890090942383,201820400
2020-04-07,67.69999694824219,67.92500305175781,64.75,64.85749816894531,62.743675231933594,202887200
2020-04-08,65.68499755859375,66.84249877929688,65.30750274658203,66.51750183105469,64.34956359863281,168895200
2020-04-09,67.17500305175781,67.51750183105469,66.17500305175781,66.99749755859375,64.81392669677734,161834800
2020-04-13,67.07749938964844,68.42500305175781,66.4574966430664,68.3125,66.0860366821289,131022800
2020-04-14,70.0,72.0625,69.51249694824219,71.76249694824219,69.4236068725586,194994800
2020-04-15,70.5999984741211,71.5824966430664,70.15750122070312,71.10749816894531,68.78995513916016,131154400
2020-04-16,71.84500122070312,72.05000305175781,70.5875015258789,71.67250061035156,69.33654022216797,157125200
2020-04-17,71.17250061035156,71.73750305175781,69.21499633789062,70.69999694824219,68.39575958251953,215250000
2020-04-20,69.48750305175781,70.41999816894531,69.2125015258789,69.23249816894531,66.97608184814453,130015200
2020-04-21,69.06999969482422,69.3125,66.35749816894531,67.09249877929688,64.90581512451172,180991600
2020-04-22,68.40249633789062,69.4749984741211,68.05000305175781,69.0250015258789,66.77531433105469,116862400
2020-04-23,68.96749877929688,70.4375,68.71749877929688,68.75749969482422,66.51655578613281,124814400
2020-04-24,69.30000305175781,70.75250244140625,69.25,70.74250030517578,68.43685150146484,126161200
2020-04-27,70.44999694824219,71.13500213623047,69.98750305175781,70.7925033569336,68.48523712158203,117087600
2020-04-28,71.2699966430664,71.4574966430664,69.55000305175781,69.6449966430664,67.37513732910156,112004800
2020-04-29,71.18250274658203,72.4175033569336,70.97250366210938,71.93250274658203,69.58810424804688,137280800
2020-04-30,72.48999786376953,73.63249969482422,72.0875015258789,73.44999694824219,71.05611419677734,183064000
2020-05-01,71.5625,74.75,71.4625015258789,72.26750183105469,69.91215515136719,240616800
2020-05-04,72.2925033569336,73.42250061035156,71.58000183105469,73.29000091552734,70.90133666992188,133568000
2020-05-05,73.76499938964844,75.25,73.61499786376953,74.38999938964844,71.96549987792969,147751200
2020-05-06,75.11499786376953,75.80999755859375,74.71749877929688,75.15750122070312,72.70796966552734,142333600
2020-05-07,75.80500030517578,76.2925033569336,75.49250030517578,75.93499755859375,73.46012115478516,115215200
2020-05-08,76.41000366210938,77.5875015258789,76.07250213623047,77.53250122070312,75.2085952758789,133838400
2020-05-11,77.0250015258789,79.26249694824219,76.80999755859375,78.75250244140625,76.39202880859375,145946400
2020-05-12,79.4574966430664,79.92250061035156,77.72750091552734,77.85250091552734,75.51900482177734,162301200
2020-05-13,78.0374984741211,78.98750305175781,75.80249786376953,76.9124984741211,74.60718536376953,200622400
2020-05-14,76.12750244140625,77.44750213623047,75.38249969482422,77.38500213623047,75.06551361083984,158929200
2020-05-15,75.0875015258789,76.9749984741211,75.05249786376953,76.92749786376953,74.62173461914062,166348400
2020-05-18,78.2925033569336,79.125,77.58000183105469,78.73999786376953,76.3799057006836,135178400
2020-05-19,78.75749969482422,79.62999725341797,78.25250244140625,78.28500366210938,75.93855285644531,101729600
2020-05-20,79.16999816894531,79.87999725341797,79.12999725341797,79.80750274658203,77.41542053222656,111504800
2020-05-21,79.66500091552734,80.22250366210938,78.96749877929688,79.2125015258789,76.83826446533203,102688800
2020-05-22,78.94249725341797,79.80750274658203,78.8375015258789,79.72250366210938,77.3329849243164,81803200
2020-05-26,80.875,81.05999755859375,79.125,79.18250274658203,76.80915069580078,125522000
2020-05-27,79.03500366210938,79.67749786376953,78.27249908447266,79.52749633789062,77.14381408691406,112945200
2020-05-28,79.19249725341797,80.86000061035156,78.90750122070312,79.5625,77.177734375,133560800
2020-05-29,79.8125,80.2874984741211,79.11750030517578,79.48500061035156,77.10256958007812,153532400
2020-06-01,79.4375,80.5875015258789,79.30249786376953,80.4625015258789,78.05078887939453,80791200
2020-06-02,80.1875,80.86000061035156,79.73249816894531,80.83499908447266,78.41211700439453,87642800
2020-06-03,81.16500091552734,81.55000305175781,80.57499694824219,81.27999877929688,78.8437728881836,104491200
2020-06-04,81.09750366210938,81.40499877929688,80.19499969482422,80.58000183105469,78.16476440429688,87560400
2020-06-05,80.8375015258789,82.9375,80.80750274658203,82.875,80.39096069335938,137250400
2020-06-08,82.5625,83.4000015258789,81.83000183105469,83.36499786376953,80.86627197265625,95654400
2020-06-09,83.03500366210938,86.40249633789062,83.00250244140625,85.99749755859375,83.41986846923828,147712400
2020-06-10,86.9749984741211,88.69249725341797,86.52249908447266,88.20999908447266,85.56607055664062,166651600
2020-06-11,87.32749938964844,87.76499938964844,83.87000274658203,83.9749984741211,81.4580078125,201662400
2020-06-12,86.18000030517578,86.94999694824219,83.55500030517578,84.69999694824219,82.1612548828125,200146000
2020-06-15,83.3125,86.41999816894531,83.1449966430664,85.74749755859375,83.17737579345703,138808800
2020-06-16,87.86499786376953,88.30000305175781,86.18000030517578,88.0199966430664,85.38175964355469,165428800
2020-06-17,88.7874984741211,88.8499984741211,87.77249908447266,87.89749908447266,85.2629165649414,114406400
2020-06-18,87.85250091552734,88.36250305175781,87.30500030517578,87.93250274658203,85.2968978881836,96820400
2020-06-19,88.66000366210938,89.13999938964844,86.2874984741211,87.43000030517578,84.80944061279297,264476000
2020-06-22,87.83499908447266,89.86499786376953,87.7874984741211,89.71749877929688,87.02838897705078,135445200
2020-06-23,91.0,93.09500122070312,90.56749725341797,91.63249969482422,88.88597106933594,212155600
2020-06-24,91.25,92.19750213623047,89.62999725341797,90.01499938964844,87.31695556640625,192623200
2020-06-25,90.17500305175781,91.25,89.39250183105469,91.20999908447266,88.47612762451172,137522400
2020-06-26,91.10250091552734,91.33000183105469,88.25499725341797,88.40750122070312,85.75764465332031,205256800
2020-06-29,88.3125,90.5425033569336,87.81999969482422,90.44499969482422,87.73406219482422,130646000
2020-06-30,90.0199966430664,91.49500274658203,90.0,91.19999694824219,88.4664306640625,140223200
2020-07-01,91.27999877929688,91.83999633789062,90.97750091552734,91.02749633789062,88.29910278320312,110737200
2020-07-02,91.9625015258789,92.61750030517578,90.91000366210938,91.02749633789062,88.29910278320312,114041600
2020-07-06,92.5,93.94499969482422,92.46749877929688,93.4625015258789,90.66112518310547,118655600
2020-07-07,93.85250091552734,94.65499877929688,93.05750274658203,93.17250061035156,90.37982177734375,112424400
2020-07-08,94.18000030517578,95.375,94.08999633789062,95.34249877929688,92.48478698730469,117092000
2020-07-09,96.26249694824219,96.31749725341797,94.67250061035156,95.75250244140625,92.88248443603516,125642800
2020-07-10,95.33499908447266,95.9800033569336,94.70500183105469,95.91999816894531,93.04496002197266,90257200
2020-07-13,97.26499938964844,99.95500183105469,95.25749969482422,95.47750091552734,92.61572265625,191649200
2020-07-14,94.83999633789062,97.25499725341797,93.87750244140625,97.05750274658203,94.14835357666016,170989200
2020-07-15,98.98999786376953,99.24749755859375,96.48999786376953,97.7249984741211,94.79585266113281,153198000
2020-07-16,96.5625,97.40499877929688,95.90499877929688,96.52249908447266,93.62938690185547,110577600
2020-07-17,96.98750305175781,97.14749908447266,95.83999633789062,96.32749938964844,93.44024658203125,92186800
2020-07-20,96.4175033569336,98.5,96.0625,98.35749816894531,95.40941619873047,90318000
2020-07-21,99.17250061035156,99.25,96.74250030517578,97.0,94.09260559082031,103433200
2020-07-22,96.69249725341797,97.9749984741211,96.60250091552734,97.27249908447266,94.35693359375,89001600
2020-07-23,96.99749755859375,97.07749938964844,92.01000213623047,92.84500122070312,90.06214141845703,197004400
2020-07-24,90.98750305175781,92.97000122070312,89.1449966430664,92.61499786376953,89.83904266357422,185438800
2020-07-27,93.70999908447266,94.90499877929688,93.4800033569336,94.80999755859375,91.96824645996094,121214000
2020-07-28,94.36750030517578,94.55000305175781,93.24749755859375,93.25250244140625,90.45742797851562,103625600
2020-07-29,93.75,95.2300033569336,93.7125015258789,95.04000091552734,92.19133758544922,90329200
2020-07-30,94.1875,96.29750061035156,93.76750183105469,96.19000244140625,93.30686950683594,158130000
2020-07-31,102.88500213623047,106.41500091552734,100.82499694824219,106.26000213623047,103.07506561279297,374336800
2020-08-03,108.19999694824219,111.63749694824219,107.89250183105469,108.9375,105.67228698730469,308151200
2020-08-04,109.13249969482422,110.79000091552734,108.38749694824219,109.66500091552734,106.37798309326172,173071600
2020-08-05,109.37750244140625,110.39250183105469,108.89749908447266,110.0625,106.76358032226562,121776800
2020-08-06,110.40499877929688,114.4124984741211,109.79750061035156,113.90249633789062,110.48847198486328,202428800
2020-08-07,113.20500183105469,113.67500305175781,110.2925033569336,111.11250305175781,107.97642517089844,198045600
2020-08-10,112.5999984741211,113.7750015258789,110.0,112.72750091552734,109.54584503173828,212403600
2020-08-11,111.97000122070312,112.48249816894531,109.10749816894531,109.375,106.28797912597656,187902400
2020-08-12,110.49749755859375,113.2750015258789,110.29750061035156,113.01000213623047,109.82037353515625,165598000
2020-08-13,114.43000030517578,116.0425033569336,113.92749786376953,115.01000213623047,111.7639389038086,210082000
2020-08-14,114.83000183105469,115.0,113.04499816894531,114.90750122070312,111.66431427001953,165565200
2020-08-17,116.0625,116.0875015258789,113.9625015258789,114.60749816894531,111.3727798461914,119561600
2020-08-18,114.35250091552734,116.0,114.00749969482422,115.5625,112.30084228515625,105633600
2020-08-19,115.98249816894531,117.1624984741211,115.61000061035156,115.7074966430664,112.44172668457031,145538000
2020-08-20,115.75,118.39250183105469,115.73249816894531,118.2750015258789,114.93678283691406,126907200
2020-08-21,119.26249694824219,124.86750030517578,119.25,124.37000274658203,120.8597412109375,338054800
2020-08-24,128.69749450683594,128.78500366210938,123.9375,125.85749816894531,122.30525970458984,345937600
2020-08-25,124.69750213623047,125.18000030517578,123.05249786376953,124.82499694824219,121.30191040039062,211495600
2020-08-26,126.18000030517578,126.99250030517578,125.0824966430664,126.52249908447266,122.95150756835938,163022400
2020-08-27,127.14250183105469,127.48500061035156,123.8324966430664,125.01000213623047,121.48167419433594,155552400
2020-08-28,126.01249694824219,126.44249725341797,124.57749938964844,124.80750274658203,121.284912109375,187630000
2020-08-31,127.58000183105469,131.0,126.0,129.0399932861328,125.39793395996094,225702700
2020-09-01,132.75999450683594,134.8000030517578,130.52999877929688,134.17999267578125,130.39288330078125,151948100
2020-09-02,137.58999633789062,137.97999572753906,127.0,131.39999389648438,127.69132232666016,200119000
2020-09-03,126.91000366210938,128.83999633789062,120.5,120.87999725341797,117.4682388305664,257599600
2020-09-04,120.06999969482422,123.69999694824219,110.88999938964844,120.95999908447266,117.5459976196289,332607200
2020-09-08,113.94999694824219,118.98999786376953,112.68000030517578,112.81999969482422,109.63572692871094,231366600
2020-09-09,117.26000213623047,119.13999938964844,115.26000213623047,117.31999969482422,114.00873565673828,176940500
2020-09-10,120.36000061035156,120.5,112.5,113.48999786376953,110.28682708740234,182274400
2020-09-11,114.56999969482422,115.2300033569336,110.0,112.0,108.83889770507812,180860300
2020-09-14,114.72000122070312,115.93000030517578,112.80000305175781,115.36000061035156,112.10403442382812,140150100
2020-09-15,118.33000183105469,118.83000183105469,113.61000061035156,115.54000091552734,112.27896118164062,184642000
2020-09-16,115.2300033569336,116.0,112.04000091552734,112.12999725341797,108.96524810791016,154679000
2020-09-17,109.72000122070312,112.19999694824219,108.70999908447266,110.33999633789062,107.22573852539062,178011000
2020-09-18,110.4000015258789,110.87999725341797,106.08999633789062,106.83999633789062,103.82451629638672,287104900
2020-09-21,104.54000091552734,110.19000244140625,103.0999984741211,110.08000183105469,106.97308349609375,195713800
2020-09-22,112.68000030517578,112.86000061035156,109.16000366210938,111.80999755859375,108.65425109863281,183055400
2020-09-23,111.62000274658203,112.11000061035156,106.7699966430664,107.12000274658203,104.09661102294922,150718700
2020-09-24,105.16999816894531,110.25,105.0,108.22000122070312,105.16556549072266,167743300
2020-09-25,108.43000030517578,112.44000244140625,107.66999816894531,112.27999877929688,109.1109848022461,149981400
2020-09-28,115.01000213623047,115.31999969482422,112.77999877929688,114.95999908447266,111.71533966064453,137672400
2020-09-29,114.55000305175781,115.30999755859375,113.56999969482422,114.08999633789062,110.8698959350586,99382200
2020-09-30,113.79000091552734,117.26000213623047,113.62000274658203,115.80999755859375,112.54135131835938,142675200
2020-10-01,117.63999938964844,117.72000122070312,115.83000183105469,116.79000091552734,113.49368286132812,116120400
2020-10-02,112.88999938964844,115.37000274658203,112.22000122070312,113.0199966430664,109.83008575439453,144712000
2020-10-05,113.91000366210938,116.6500015258789,113.55000305175781,116.5,113.21186828613281,106243800
2020-10-06,115.69999694824219,116.12000274658203,112.25,113.16000366210938,109.96614074707031,161498200
2020-10-07,114.62000274658203,115.55000305175781,114.12999725341797,115.08000183105469,111.83194732666016,96849000
2020-10-08,116.25,116.4000015258789,114.58999633789062,114.97000122070312,111.72505950927734,83477200
2020-10-09,115.27999877929688,117.0,114.91999816894531,116.97000122070312,113.6686019897461,100506900
2020-10-12,120.05999755859375,125.18000030517578,119.27999877929688,124.4000015258789,120.88890075683594,240226800
2020-10-13,125.2699966430664,125.38999938964844,119.6500015258789,121.0999984741211,117.68203735351562,262330500
2020-10-14,121.0,123.02999877929688,119.62000274658203,121.19000244140625,117.76950073242188,150712000
2020-10-15,118.72000122070312,121.19999694824219,118.1500015258789,120.70999908447266,117.30305480957031,112559200
2020-10-16,121.27999877929688,121.55000305175781,118.80999755859375,119.0199966430664,115.66075897216797,115393800
2020-10-19,119.95999908447266,120.41999816894531,115.66000366210938,115.9800033569336,112.70657348632812,120639300
2020-10-20,116.19999694824219,118.9800033569336,115.62999725341797,117.51000213623047,114.1933822631836,124423700
2020-10-21,116.66999816894531,118.70999908447266,116.44999694824219,116.87000274658203,113.5714340209961,89946000
2020-10-22,117.44999694824219,118.04000091552734,114.58999633789062,115.75,112.48303985595703,101988000
2020-10-23,116.38999938964844,116.55000305175781,114.27999877929688,115.04000091552734,111.79309844970703,82572600
2020-10-26,114.01000213623047,116.55000305175781,112.87999725341797,115.05000305175781,111.80279541015625,111850700
2020-10-27,115.48999786376953,117.27999877929688,114.54000091552734,116.5999984741211,113.30902862548828,92276800
2020-10-28,115.05000305175781,115.43000030517578,111.0999984741211,111.19999694824219,108.06146240234375,143937800
2020-10-29,112.37000274658203,116.93000030517578,112.19999694824219,115.31999969482422,112.065185546875,146129200
2020-10-30,111.05999755859375,111.98999786376953,107.72000122070312,108.86000061035156,105.78750610351562,190272600
2020-11-02,109.11000061035156,110.68000030517578,107.31999969482422,108.7699966430664,105.70005798339844,122866900
2020-11-03,109.66000366210938,111.48999786376953,108.7300033569336,110.44000244140625,107.32291412353516,107624400
2020-11-04,114.13999938964844,115.58999633789062,112.3499984741211,114.94999694824219,111.70563507080078,138235500
2020-11-05,117.94999694824219,119.62000274658203,116.87000274658203,119.02999877929688,115.67047882080078,126387100
2020-11-06,118.31999969482422,119.19999694824219,116.12999725341797,118.69000244140625,115.53905487060547,114457900
2020-11-09,120.5,121.98999786376953,116.05000305175781,116.31999969482422,113.23197937011719,154515300
2020-11-10,115.55000305175781,117.58999633789062,114.12999725341797,115.97000122070312,112.89128112792969,138023400
2020-11-11,117.19000244140625,119.62999725341797,116.44000244140625,119.48999786376953,116.31781005859375,112295000
2020-11-12,119.62000274658203,120.52999877929688,118.56999969482422,119.20999908447266,116.04524230957031,103162300
2020-11-13,119.44000244140625,119.66999816894531,117.87000274658203,119.26000213623047,116.09393310546875,81581900
2020-11-16,118.91999816894531,120.98999786376953,118.1500015258789,120.30000305175781,117.1063232421875,91183000
2020-11-17,119.55000305175781,120.66999816894531,118.95999908447266,119.38999938964844,116.22047424316406,74271000
2020-11-18,118.61000061035156,119.81999969482422,118.0,118.02999877929688,114.89656829833984,76322100
2020-11-19,117.58999633789062,119.05999755859375,116.80999755859375,118.63999938964844,115.49038696289062,74113000
2020-11-20,118.63999938964844,118.7699966430664,117.29000091552734,117.33999633789062,114.22489166259766,73604300
2020-11-23,117.18000030517578,117.62000274658203,113.75,113.8499984741211,110.82754516601562,127959300
2020-11-24,113.91000366210938,115.8499984741211,112.58999633789062,115.16999816894531,112.11251068115234,113874200
2020-11-25,115.55000305175781,116.75,115.16999816894531,116.02999877929688,112.94965362548828,76499200
2020-11-27,116.56999969482422,117.48999786376953,116.22000122070312,116.58999633789062,113.49478912353516,46691300
2020-11-30,116.97000122070312,120.97000122070312,116.80999755859375,119.05000305175781,115.88949584960938,169410200
2020-12-01,121.01000213623047,123.47000122070312,120.01000213623047,122.72000122070312,119.46206665039062,127728200
2020-12-02,122.0199966430664,123.37000274658203,120.88999938964844,123.08000183105469,119.81253051757812,89004200
2020-12-03,123.5199966430664,123.77999877929688,122.20999908447266,122.94000244140625,119.67623138427734,78967600
2020-12-04,122.5999984741211,122.86000061035156,121.5199966430664,122.25,119.0045394897461,78260400
2020-12-07,122.30999755859375,124.56999969482422,122.25,123.75,120.46471405029297,86712000
2020-12-08,124.37000274658203,124.9800033569336,123.08999633789062,124.37999725341797,121.07798767089844,82225500
2020-12-09,124.52999877929688,125.94999694824219,121.0,121.77999877929688,118.5470199584961,115089200
2020-12-10,120.5,123.87000274658203,120.1500015258789,123.23999786376953,119.96826934814453,81312200
2020-12-11,122.43000030517578,122.76000213623047,120.55000305175781,122.41000366210938,119.1603012084961,86939800
2020-12-14,122.5999984741211,123.3499984741211,121.54000091552734,121.77999877929688,118.5470199584961,79184500
2020-12-15,124.33999633789062,127.9000015258789,124.12999725341797,127.87999725341797,124.48507690429688,157243700
2020-12-16,127.41000366210938,128.3699951171875,126.55999755859375,127.80999755859375,124.41693878173828,98208600
2020-12-17,128.89999389648438,129.5800018310547,128.0399932861328,128.6999969482422,125.28330993652344,94359800
2020-12-18,128.9600067138672,129.10000610351562,126.12000274658203,126.66000366210938,123.2974853515625,192541500
2020-12-21,125.0199966430664,128.30999755859375,123.44999694824219,128.22999572753906,124.82577514648438,121251600
2020-12-22,131.61000061035156,134.41000366210938,129.64999389648438,131.8800048828125,128.3788604736328,168904800
2020-12-23,132.16000366210938,132.42999267578125,130.77999877929688,130.9600067138672,127.48331451416016,88223700
2020-12-24,131.32000732421875,133.4600067138672,131.10000610351562,131.97000122070312,128.46649169921875,54930100
2020-12-28,133.99000549316406,137.33999633789062,133.50999450683594,136.69000244140625,133.06117248535156,124486200
2020-12-29,138.0500030517578,138.7899932861328,134.33999633789062,134.8699951171875,131.2895050048828,121047300
2020-12-30,135.5800018310547,135.99000549316406,133.39999389648438,133.72000122070312,130.17002868652344,96452100
2020-12-31,134.0800018310547,134.74000549316406,131.72000122070312,132.69000244140625,129.16737365722656,99116600
2021-01-04,133.52000427246094,133.61000061035156,126.76000213623047,129.41000366210938,125.97447204589844,143301900
2021-01-05,128.88999938964844,131.74000549316406,128.42999267578125,131.00999450683594,127.531982421875,97664900
2021-01-06,127.72000122070312,131.0500030517578,126.37999725341797,126.5999984741211,123.23906707763672,155088000
2021-01-07,128.36000061035156,131.6300048828125,127.86000061035156,130.9199981689453,127.44437408447266,109578200
2021-01-08,132.42999267578125,132.6300048828125,130.22999572753906,132.0500030517578,128.5443878173828,105158200
2021-01-11,129.19000244140625,130.1699981689453,128.5,128.97999572753906,125.55589294433594,100384500
2021-01-12,128.5,129.69000244140625,126.86000061035156,128.8000030517578,125.38068389892578,91951100
2021-01-13,128.75999450683594,131.4499969482422,128.49000549316406,130.88999938964844,127.4151382446289,88636800
2021-01-14,130.8000030517578,131.0,128.75999450683594,128.91000366210938,125.48776245117188,90221800
2021-01-15,128.77999877929688,130.22000122070312,127.0,127.13999938964844,123.76473999023438,111598500
2021-01-19,127.77999877929688,128.7100067138672,126.94000244140625,127.83000183105469,124.43641662597656,90757300
2021-01-20,128.66000366210938,132.49000549316406,128.5500030517578,132.02999877929688,128.52491760253906,104319500
2021-01-21,133.8000030517578,139.6699981689453,133.58999633789062,136.8699951171875,133.2364044189453,120150900
2021-01-22,136.27999877929688,139.85000610351562,135.02000427246094,139.07000732421875,135.3779754638672,114459400
2021-01-25,143.07000732421875,145.08999633789062,136.5399932861328,142.9199981689453,139.12582397460938,157611700
2021-01-26,143.60000610351562,144.3000030517578,141.3699951171875,143.16000366210938,139.3594207763672,98390600
2021-01-27,143.42999267578125,144.3000030517578,140.41000366210938,142.05999755859375,138.28858947753906,140843800
2021-01-28,139.52000427246094,141.99000549316406,136.6999969482422,137.08999633789062,133.45057678222656,142621100
2021-01-29,135.8300018310547,136.74000549316406,130.2100067138672,131.9600067138672,128.45680236816406,177523800
2021-02-01,133.75,135.3800048828125,130.92999267578125,134.13999938964844,130.57888793945312,106239800
2021-02-02,135.72999572753906,136.30999755859375,134.61000061035156,134.99000549316406,131.4063262939453,83305400
2021-02-03,135.75999450683594,135.77000427246094,133.61000061035156,133.94000244140625,130.3842010498047,89880900
2021-02-04,136.3000030517578,137.39999389648438,134.58999633789062,137.38999938964844,133.7425994873047,84183100
2021-02-05,137.35000610351562,137.4199981689453,135.86000061035156,136.75999450683594,133.32827758789062,75693800
2021-02-08,136.02999877929688,136.9600067138672,134.9199981689453,136.91000366210938,133.47451782226562,71297200
2021-02-09,136.6199951171875,137.8800048828125,135.85000610351562,136.00999450683594,132.5970916748047,76774200
2021-02-10,136.47999572753906,136.99000549316406,134.39999389648438,135.38999938964844,131.99264526367188,73046600
2021-02-11,135.89999389648438,136.38999938964844,133.77000427246094,135.1300048828125,131.7392120361328,64280000
2021-02-12,134.35000610351562,135.52999877929688,133.69000244140625,135.3699951171875,131.97312927246094,60145100
2021-02-16,135.49000549316406,136.00999450683594,132.7899932861328,133.19000244140625,129.84783935546875,80576300
2021-02-17,131.25,132.22000122070312,129.47000122070312,130.83999633789062,127.55679321289062,97918500
2021-02-18,129.1999969482422,130.0,127.41000366210938,129.7100067138672,126.45516967773438,96856700
2021-02-19,130.24000549316406,130.7100067138672,128.8000030517578,129.8699951171875,126.61116027832031,87668800
2021-02-22,128.00999450683594,129.72000122070312,125.5999984741211,126.0,122.8382797241211,103916400
2021-02-23,123.76000213623047,126.70999908447266,118.38999938964844,125.86000061035156,122.70179748535156,158273000
2021-02-24,124.94000244140625,125.55999755859375,122.2300033569336,125.3499984741211,122.20460510253906,111039900
2021-02-25,124.68000030517578,126.45999908447266,120.54000091552734,120.98999786376953,117.95399475097656,148199500
2021-02-26,122.58999633789062,124.8499984741211,121.19999694824219,121.26000213623047,118.21722412109375,164560400
2021-03-01,123.75,127.93000030517578,122.79000091552734,127.79000091552734,124.5833740234375,116307900
2021-03-02,128.41000366210938,128.72000122070312,125.01000213623047,125.12000274658203,121.9803695678711,102260900
2021-03-03,124.80999755859375,125.70999908447266,121.83999633789062,122.05999755859375,118.99713134765625,112966300
2021-03-04,121.75,123.5999984741211,118.62000274658203,120.12999725341797,117.11556243896484,178155000
2021-03-05,120.9800033569336,121.94000244140625,117.56999969482422,121.41999816894531,118.3731918334961,153766600
2021-03-08,120.93000030517578,121.0,116.20999908447266,116.36000061035156,113.44017791748047,154376600
2021-03-09,119.02999877929688,122.05999755859375,118.79000091552734,121.08999633789062,118.0514907836914,129525800
2021-03-10,121.69000244140625,122.16999816894531,119.44999694824219,119.9800033569336,116.96934509277344,111943300
2021-03-11,122.54000091552734,123.20999908447266,121.26000213623047,121.95999908447266,118.89965057373047,103026500
2021-03-12,120.4000015258789,121.16999816894531,119.16000366210938,121.02999877929688,117.99297332763672,88105100
2021-03-15,121.41000366210938,124.0,120.41999816894531,123.98999786376953,120.87870025634766,92403800
2021-03-16,125.69999694824219,127.22000122070312,124.72000122070312,125.56999969482422,122.4190673828125,115227900
2021-03-17,124.05000305175781,125.86000061035156,122.33999633789062,124.76000213623047,121.62940216064453,111932600
2021-03-18,122.87999725341797,123.18000030517578,120.31999969482422,120.52999877929688,117.50553131103516,121229700
2021-03-19,119.9000015258789,121.43000030517578,119.68000030517578,119.98999786376953,116.97908782958984,185549500
2021-03-22,120.33000183105469,123.87000274658203,120.26000213623047,123.38999938964844,120.29376983642578,111912300
2021-03-23,123.33000183105469,124.23999786376953,122.13999938964844,122.54000091552734,119.465087890625,95467100
2021-03-24,122.81999969482422,122.9000015258789,120.06999969482422,120.08999633789062,117.07656860351562,88530500
2021-03-25,119.54000091552734,121.66000366210938,119.0,120.58999633789062,117.56403350830078,98844700
2021-03-26,120.3499984741211,121.4800033569336,118.91999816894531,121.20999908447266,118.1684799194336,94071200
2021-03-29,121.6500015258789,122.58000183105469,120.7300033569336,121.38999938964844,118.34394836425781,80819200
2021-03-30,120.11000061035156,120.4000015258789,118.86000061035156,119.9000015258789,116.8913345336914,85671900
2021-03-31,121.6500015258789,123.5199966430664,121.1500015258789,122.1500015258789,119.08489227294922,118323800
2021-04-01,123.66000366210938,124.18000030517578,122.48999786376953,123.0,119.91356658935547,75089100
2021-04-05,123.87000274658203,126.16000366210938,123.06999969482422,125.9000015258789,122.74077606201172,88651200
2021-04-06,126.5,127.12999725341797,125.6500015258789,126.20999908447266,123.04299926757812,80171300
2021-04-07,125.83000183105469,127.91999816894531,125.13999938964844,127.9000015258789,124.69059753417969,83466700
2021-04-08,128.9499969482422,130.38999938964844,128.52000427246094,130.36000061035156,127.0888671875,88844600
2021-04-09,129.8000030517578,133.0399932861328,129.47000122070312,133.0,129.66259765625,106686700
2021-04-12,132.52000427246094,132.85000610351562,130.6300048828125,131.24000549316406,127.94677734375,91420000
2021-04-13,132.44000244140625,134.66000366210938,131.92999267578125,134.42999267578125,131.05677795410156,91266500
2021-04-14,134.94000244140625,135.0,131.66000366210938,132.02999877929688,128.71694946289062,87222800
2021-04-15,133.82000732421875,135.0,133.63999938964844,134.5,131.1249542236328,89347100
2021-04-16,134.3000030517578,134.6699981689453,133.27999877929688,134.16000366210938,130.7935028076172,84922400
2021-04-19,133.50999450683594,135.47000122070312,133.33999633789062,134.83999633789062,131.4564666748047,94264200
2021-04-20,135.02000427246094,135.52999877929688,131.80999755859375,133.11000061035156,129.76986694335938,94812300
2021-04-21,132.36000061035156,133.75,131.3000030517578,133.5,130.1500701904297,68847100
2021-04-22,133.0399932861328,134.14999389648438,131.41000366210938,131.94000244140625,128.6291961669922,84566500
2021-04-23,132.16000366210938,135.1199951171875,132.16000366210938,134.32000732421875,130.9495086669922,78657500
2021-04-26,134.8300018310547,135.05999755859375,133.55999755859375,134.72000122070312,131.3394775390625,66905100
2021-04-27,135.00999450683594,135.41000366210938,134.11000061035156,134.38999938964844,131.01771545410156,66015800
2021-04-28,134.30999755859375,135.02000427246094,133.0800018310547,133.5800018310547,130.22805786132812,107760100
2021-04-29,136.47000122070312,137.07000732421875,132.4499969482422,133.47999572753906,130.13058471679688,151101000
2021-04-30,131.77999877929688,133.55999755859375,131.07000732421875,131.4600067138672,128.16128540039062,109839500
2021-05-03,132.0399932861328,134.07000732421875,131.8300018310547,132.5399932861328,129.21417236328125,75135100
2021-05-04,131.19000244140625,131.49000549316406,126.69999694824219,127.8499984741211,124.64186096191406,137564700
2021-05-05,129.1999969482422,130.4499969482422,127.97000122070312,128.10000610351562,124.88557434082031,84000900
2021-05-06,127.88999938964844,129.75,127.12999725341797,129.74000549316406,126.48445892333984,78128300
2021-05-07,130.85000610351562,131.25999450683594,129.47999572753906,130.2100067138672,127.15827941894531,78973300
2021-05-10,129.41000366210938,129.5399932861328,126.80999755859375,126.8499984741211,123.87700653076172,88071200
2021-05-11,123.5,126.2699966430664,122.7699966430664,125.91000366210938,122.95904541015625,126142800
2021-05-12,123.4000015258789,124.63999938964844,122.25,122.7699966430664,119.89262390136719,112172300
2021-05-13,124.58000183105469,126.1500015258789,124.26000213623047,124.97000122070312,122.04106903076172,105861300
2021-05-14,126.25,127.88999938964844,125.8499984741211,127.44999694824219,124.46292877197266,81918000
2021-05-17,126.81999969482422,126.93000030517578,125.16999816894531,126.2699966430664,123.31060791015625,74244600
2021-05-18,126.55999755859375,126.98999786376953,124.77999877929688,124.8499984741211,121.92388153076172,63342900
2021-05-19,123.16000366210938,124.91999816894531,122.86000061035156,124.69000244140625,121.76764678955078,92612000
2021-05-20,125.2300033569336,127.72000122070312,125.0999984741211,127.30999755859375,124.32621002197266,76857100
2021-05-21,127.81999969482422,128.0,125.20999908447266,125.43000030517578,122.49028015136719,79295400
2021-05-24,126.01000213623047,127.94000244140625,125.94000244140625,127.0999984741211,124.12114715576172,63092900
2021-05-25,127.81999969482422,128.32000732421875,126.31999969482422,126.9000015258789,123.92582702636719,72009500
2021-05-26,126.95999908447266,127.38999938964844,126.41999816894531,126.8499984741211,123.87700653076172,56575900
2021-05-27,126.44000244140625,127.63999938964844,125.08000183105469,125.27999877929688,122.34378814697266,94625600
2021-05-28,125.56999969482422,125.80000305175781,124.55000305175781,124.61000061035156,121.68951416015625,71311100
2021-06-01,125.08000183105469,125.3499984741211,123.94000244140625,124.27999877929688,121.36723327636719,67637100
2021-06-02,124.27999877929688,125.23999786376953,124.05000305175781,125.05999755859375,122.12893676757812,59278900
2021-06-03,124.68000030517578,124.8499984741211,123.12999725341797,123.54000091552734,120.64456939697266,76229200
2021-06-04,124.06999969482422,126.16000366210938,123.8499984741211,125.88999938964844,122.93950653076172,75169300
2021-06-07,126.16999816894531,126.31999969482422,124.83000183105469,125.9000015258789,122.94926452636719,71057600
2021-06-08,126.5999984741211,128.4600067138672,126.20999908447266,126.73999786376953,123.76959991455078,74403800
2021-06-09,127.20999908447266,127.75,126.5199966430664,127.12999725341797,124.15045166015625,56877900
2021-06-10,127.0199966430664,128.19000244140625,125.94000244140625,126.11000061035156,123.15434265136719,71186400
2021-06-11,126.52999877929688,127.44000244140625,126.0999984741211,127.3499984741211,124.36528015136719,53522400
2021-06-14,127.81999969482422,130.5399932861328,127.06999969482422,130.47999572753906,127.42194366455078,96906500
2021-06-15,129.94000244140625,130.60000610351562,129.38999938964844,129.63999938964844,126.6015853881836,62746300
2021-06-16,130.3699951171875,130.88999938964844,128.4600067138672,130.14999389648438,127.09965515136719,91815000
2021-06-17,129.8000030517578,132.5500030517578,129.64999389648438,131.7899932861328,128.70118713378906,96721700
2021-06-18,130.7100067138672,131.50999450683594,130.24000549316406,130.4600067138672,127.40239715576172,108953300
2021-06-21,130.3000030517578,132.41000366210938,129.2100067138672,132.3000030517578,129.19927978515625,79663300
2021-06-22,132.1300048828125,134.0800018310547,131.6199951171875,133.97999572753906,130.83987426757812,74783600
2021-06-23,133.77000427246094,134.32000732421875,133.22999572753906,133.6999969482422,130.56643676757812,60214200
2021-06-24,134.4499969482422,134.63999938964844,132.92999267578125,133.41000366210938,130.28326416015625,68711000
2021-06-25,133.4600067138672,133.88999938964844,132.80999755859375,133.11000061035156,129.9903106689453,70783700
2021-06-28,133.41000366210938,135.25,133.35000610351562,134.77999877929688,131.62115478515625,62111300
2021-06-29,134.8000030517578,136.49000549316406,134.35000610351562,136.3300018310547,133.13482666015625,64556100
2021-06-30,136.1699981689453,137.41000366210938,135.8699951171875,136.9600067138672,133.75006103515625,63261400
2021-07-01,136.60000610351562,137.3300018310547,135.75999450683594,137.27000427246094,134.0527801513672,52485800
2021-07-02,137.89999389648438,140.0,137.75,139.9600067138672,136.67974853515625,78852600
2021-07-06,140.07000732421875,143.14999389648438,140.07000732421875,142.02000427246094,138.69146728515625,108181800
2021-07-07,143.5399932861328,144.88999938964844,142.66000366210938,144.57000732421875,141.1817169189453,104911600
2021-07-08,141.5800018310547,144.05999755859375,140.6699981689453,143.24000549316406,139.8828887939453,105575500
2021-07-09,142.75,145.64999389648438,142.64999389648438,145.11000061035156,141.70904541015625,99890800
2021-07-12,146.2100067138672,146.32000732421875,144.0,144.5,141.11329650878906,76299700
2021-07-13,144.02999877929688,147.4600067138672,143.6300048828125,145.63999938964844,142.22665405273438,100827100
2021-07-14,148.10000610351562,149.57000732421875,147.67999267578125,149.14999389648438,145.6543426513672,127050800
2021-07-15,149.24000549316406,150.0,147.08999633789062,148.47999572753906,145.00003051757812,106820300
2021-07-16,148.4600067138672,149.75999450683594,145.8800048828125,146.38999938964844,142.95904541015625,93251400
2021-07-19,143.75,144.07000732421875,141.6699981689453,142.4499969482422,139.11141967773438,121434600
2021-07-20,143.4600067138672,147.10000610351562,142.9600067138672,146.14999389648438,142.7246551513672,96350000
2021-07-21,145.52999877929688,146.1300048828125,144.6300048828125,145.39999389648438,141.9922332763672,74993500
2021-07-22,145.94000244140625,148.1999969482422,145.80999755859375,146.8000030517578,143.3594512939453,77338200
2021-07-23,147.5500030517578,148.72000122070312,146.9199981689453,148.55999755859375,145.07818603515625,71447400
2021-07-26,148.27000427246094,149.8300018310547,147.6999969482422,148.99000549316406,145.4980926513672,72434100
2021-07-27,149.1199951171875,149.2100067138672,145.5500030517578,146.77000427246094,143.3301239013672,104818600
2021-07-28,144.80999755859375,146.97000122070312,142.5399932861328,144.97999572753906,141.5821075439453,118931200
2021-07-29,144.69000244140625,146.5500030517578,144.5800018310547,145.63999938964844,142.22665405273438,56699500
2021-07-30,144.3800048828125,146.3300018310547,144.11000061035156,145.86000061035156,142.4414825439453,70440600
2021-08-02,146.36000061035156,146.9499969482422,145.25,145.52000427246094,142.1094207763672,62880000
2021-08-03,145.80999755859375,148.0399932861328,145.17999267578125,147.36000061035156,143.9062957763672,64786600
2021-08-04,147.27000427246094,147.7899932861328,146.27999877929688,146.9499969482422,143.50595092773438,56368300
2021-08-05,146.97999572753906,147.83999633789062,146.1699981689453,147.05999755859375,143.61334228515625,46397700
2021-08-06,146.35000610351562,147.11000061035156,145.6300048828125,146.13999938964844,142.92872619628906,54126800
2021-08-09,146.1999969482422,146.6999969482422,145.52000427246094,146.08999633789062,142.8798370361328,48908700
2021-08-10,146.44000244140625,147.7100067138672,145.3000030517578,145.60000610351562,142.40061950683594,69023100
2021-08-11,146.0500030517578,146.72000122070312,145.52999877929688,145.86000061035156,142.65489196777344,48493500
2021-08-12,146.19000244140625,149.0500030517578,145.83999633789062,148.88999938964844,145.6182861328125,72282600
2021-08-13,148.97000122070312,149.44000244140625,148.27000427246094,149.10000610351562,145.8236846923828,59375000
2021-08-16,148.5399932861328,151.19000244140625,146.47000122070312,151.1199951171875,147.79931640625,103296000
2021-08-17,150.22999572753906,151.67999267578125,149.08999633789062,150.19000244140625,146.8897247314453,92229700
2021-08-18,149.8000030517578,150.72000122070312,146.14999389648438,146.36000061035156,143.1439208984375,86326000
2021-08-19,145.02999877929688,148.0,144.5,146.6999969482422,143.47642517089844,86960300
2021-08-20,147.44000244140625,148.5,146.77999877929688,148.19000244140625,144.9336700439453,60549600
2021-08-23,148.30999755859375,150.19000244140625,147.88999938964844,149.7100067138672,146.42025756835938,60131800
2021-08-24,149.4499969482422,150.86000061035156,149.14999389648438,149.6199951171875,146.332275390625,48606400
2021-08-25,149.80999755859375,150.32000732421875,147.8000030517578,148.36000061035156,145.09994506835938,58991300
2021-08-26,148.35000610351562,149.1199951171875,147.50999450683594,147.5399932861328,144.29795837402344,48597200
2021-08-27,147.47999572753906,148.75,146.8300018310547,148.60000610351562,145.33468627929688,55802400
2021-08-30,149.0,153.49000549316406,148.61000061035156,153.1199951171875,149.75534057617188,90956700
2021-08-31,152.66000366210938,152.8000030517578,151.2899932861328,151.8300018310547,148.4937286376953,86453100
2021-09-01,152.8300018310547,154.97999572753906,152.33999633789062,152.50999450683594,149.15875244140625,80313700
2021-09-02,153.8699951171875,154.72000122070312,152.39999389648438,153.64999389648438,150.27371215820312,71115500
2021-09-03,153.75999450683594,154.6300048828125,153.08999633789062,154.3000030517578,150.90940856933594,57808700
2021-09-07,154.97000122070312,157.25999450683594,154.38999938964844,156.69000244140625,153.2469024658203,82278300
2021-09-08,156.97999572753906,157.0399932861328,153.97999572753906,155.11000061035156,151.70159912109375,74420200
2021-09-09,155.49000549316406,156.11000061035156,153.9499969482422,154.07000732421875,150.68446350097656,57305700
2021-09-10,155.0,155.47999572753906,148.6999969482422,148.97000122070312,145.69656372070312,140893200
2021-09-13,150.6300048828125,151.4199981689453,148.75,149.5500030517578,146.2637939453125,102404300
2021-09-14,150.35000610351562,151.07000732421875,146.91000366210938,148.1199951171875,144.86521911621094,109296300
2021-09-15,148.55999755859375,149.44000244140625,146.3699951171875,149.02999877929688,145.7552032470703,83281300
2021-09-16,148.44000244140625,148.97000122070312,147.22000122070312,148.7899932861328,145.52047729492188,68034100
2021-09-17,148.82000732421875,148.82000732421875,145.75999450683594,146.05999755859375,142.8504638671875,129868800
2021-09-20,143.8000030517578,144.83999633789062,141.27000427246094,142.94000244140625,139.79905700683594,123478900
2021-09-21,143.92999267578125,144.60000610351562,142.77999877929688,143.42999267578125,140.2782745361328,75834000
2021-09-22,144.4499969482422,146.42999267578125,143.6999969482422,145.85000610351562,142.6450958251953,76404300
2021-09-23,146.64999389648438,147.0800018310547,145.63999938964844,146.8300018310547,143.60353088378906,64838200
2021-09-24,145.66000366210938,147.47000122070312,145.55999755859375,146.9199981689453,143.6915740966797,53477900
2021-09-27,145.47000122070312,145.9600067138672,143.82000732421875,145.3699951171875,142.17564392089844,74150700
2021-09-28,143.25,144.75,141.69000244140625,141.91000366210938,138.7917022705078,108972300
2021-09-29,142.47000122070312,144.4499969482422,142.02999877929688,142.8300018310547,139.69146728515625,74602000
2021-09-30,143.66000366210938,144.3800048828125,141.27999877929688,141.5,138.39068603515625,89056700
2021-10-01,141.89999389648438,142.9199981689453,139.11000061035156,142.64999389648438,139.51541137695312,94639600
2021-10-04,141.75999450683594,142.2100067138672,138.27000427246094,139.13999938964844,136.08253479003906,98322000
2021-10-05,139.49000549316406,142.24000549316406,139.36000061035156,141.11000061035156,138.00927734375,80861100
2021-10-06,139.47000122070312,142.14999389648438,138.3699951171875,142.0,138.8797149658203,83221100
2021-10-07,143.05999755859375,144.22000122070312,142.72000122070312,143.2899932861328,140.141357421875,61732700
2021-10-08,144.02999877929688,144.17999267578125,142.55999755859375,142.89999389648438,139.7599334716797,58773200
2021-10-11,142.27000427246094,144.80999755859375,141.80999755859375,142.80999755859375,139.67189025878906,64452200
2021-10-12,143.22999572753906,143.25,141.0399932861328,141.50999450683594,138.40048217773438,73035900
2021-10-13,141.24000549316406,141.39999389648438,139.1999969482422,140.91000366210938,137.81365966796875,78762700
2021-10-14,142.11000061035156,143.8800048828125,141.50999450683594,143.75999450683594,140.6010284423828,69907100
2021-10-15,143.77000427246094,144.89999389648438,143.50999450683594,144.83999633789062,141.65728759765625,67940300
2021-10-18,143.4499969482422,146.83999633789062,143.16000366210938,146.5500030517578,143.3297119140625,85589200
2021-10-19,147.00999450683594,149.1699981689453,146.5500030517578,148.75999450683594,145.49119567871094,76378900
2021-10-20,148.6999969482422,149.75,148.1199951171875,149.25999450683594,145.9801483154297,58418800
2021-10-21,148.80999755859375,149.63999938964844,147.8699951171875,149.47999572753906,146.19534301757812,61421000
2021-10-22,149.69000244140625,150.17999267578125,148.63999938964844,148.69000244140625,145.42269897460938,58883400
2021-10-25,148.67999267578125,149.3699951171875,147.6199951171875,148.63999938964844,145.37379455566406,50720600
2021-10-26,149.3300018310547,150.83999633789062,149.00999450683594,149.32000732421875,146.03884887695312,60893400
2021-10-27,149.36000061035156,149.72999572753906,148.49000549316406,148.85000610351562,145.5791778564453,56094900
2021-10-28,149.82000732421875,153.1699981689453,149.72000122070312,152.57000732421875,149.21742248535156,100077900
2021-10-29,147.22000122070312,149.94000244140625,146.41000366210938,149.8000030517578,146.50833129882812,124953200
2021-11-01,148.99000549316406,149.6999969482422,147.8000030517578,148.9600067138672,145.68678283691406,74588300
2021-11-02,148.66000366210938,151.57000732421875,148.64999389648438,150.02000427246094,146.72349548339844,69122000
2021-11-03,150.38999938964844,151.97000122070312,149.82000732421875,151.49000549316406,148.1612091064453,54511500
2021-11-04,151.5800018310547,152.42999267578125,150.63999938964844,150.9600067138672,147.64283752441406,60394600
2021-11-05,151.88999938964844,152.1999969482422,150.05999755859375,151.27999877929688,148.17172241210938,65463900
2021-11-08,151.41000366210938,151.57000732421875,150.16000366210938,150.44000244140625,147.34901428222656,55020900
2021-11-09,150.1999969482422,151.42999267578125,150.05999755859375,150.80999755859375,147.71133422851562,56787900
2021-11-10,150.02000427246094,150.1300048828125,147.85000610351562,147.9199981689453,144.88075256347656,65187100
2021-11-11,148.9600067138672,149.42999267578125,147.67999267578125,147.8699951171875,144.83172607421875,41000000
2021-11-12,148.42999267578125,150.39999389648438,147.47999572753906,149.99000549316406,146.90823364257812,63804000
2021-11-15,150.3699951171875,151.8800048828125,149.42999267578125,150.0,146.91798400878906,59222800
2021-11-16,149.94000244140625,151.49000549316406,149.33999633789062,151.0,147.89749145507812,59256200
2021-11-17,151.0,155.0,150.99000549316406,153.49000549316406,150.3363037109375,88807000
2021-11-18,153.7100067138672,158.6699981689453,153.0500030517578,157.8699951171875,154.62631225585938,137827700
2021-11-19,157.64999389648438,161.02000427246094,156.52999877929688,160.5500030517578,157.25123596191406,117305600
2021-11-22,161.67999267578125,165.6999969482422,161.0,161.02000427246094,157.71160888671875,117467900
2021-11-23,161.1199951171875,161.8000030517578,159.05999755859375,161.41000366210938,158.09356689453125,96041900
2021-11-24,160.75,162.13999938964844,159.63999938964844,161.94000244140625,158.61270141601562,69463600
2021-11-26,159.57000732421875,160.4499969482422,156.36000061035156,156.80999755859375,153.5880889892578,76959800
2021-11-29,159.3699951171875,161.19000244140625,158.7899932861328,160.24000549316406,156.94764709472656,88748200
2021-11-30,159.99000549316406,165.52000427246094,159.9199981689453,165.3000030517578,161.90365600585938,174048100
2021-12-01,167.47999572753906,170.3000030517578,164.52999877929688,164.77000427246094,161.384521484375,152052500
2021-12-02,158.74000549316406,164.1999969482422,157.8000030517578,163.75999450683594,160.3953094482422,136739200
2021-12-03,164.02000427246094,164.9600067138672,159.72000122070312,161.83999633789062,158.51478576660156,118023100
2021-12-06,164.2899932861328,167.8800048828125,164.27999877929688,165.32000732421875,161.92320251464844,107497000
2021-12-07,169.0800018310547,171.5800018310547,168.33999633789062,171.17999267578125,167.66282653808594,120405400
2021-12-08,172.1300048828125,175.9600067138672,170.6999969482422,175.0800018310547,171.48269653320312,116998900
2021-12-09,174.91000366210938,176.75,173.9199981689453,174.55999755859375,170.97337341308594,108923700
2021-12-10,175.2100067138672,179.6300048828125,174.69000244140625,179.4499969482422,175.76292419433594,115402700
2021-12-13,181.1199951171875,182.1300048828125,175.52999877929688,175.74000549316406,172.12916564941406,153237000
2021-12-14,175.25,177.74000549316406,172.2100067138672,174.3300018310547,170.7481231689453,139380400
2021-12-15,175.11000061035156,179.5,172.30999755859375,179.3000030517578,175.615966796875,131063300
2021-12-16,179.27999877929688,181.13999938964844,170.75,172.25999450683594,168.72064208984375,150185800
2021-12-17,169.92999267578125,173.47000122070312,169.69000244140625,171.13999938964844,167.62368774414062,195432700
2021-12-20,168.27999877929688,170.5800018310547,167.4600067138672,169.75,166.2622528076172,107499100
2021-12-21,171.55999755859375,173.1999969482422,169.1199951171875,172.99000549316406,169.43565368652344,91185900
2021-12-22,173.0399932861328,175.86000061035156,172.14999389648438,175.63999938964844,172.0312042236328,92135300
2021-12-23,175.85000610351562,176.85000610351562,175.27000427246094,176.27999877929688,172.65805053710938,68356600
2021-12-27,177.08999633789062,180.4199981689453,177.07000732421875,180.3300018310547,176.6248321533203,74919600
2021-12-28,180.16000366210938,181.3300018310547,178.52999877929688,179.2899932861328,175.60618591308594,79144300
2021-12-29,179.3300018310547,180.6300048828125,178.13999938964844,179.3800048828125,175.69436645507812,62348900
2021-12-30,179.47000122070312,180.57000732421875,178.08999633789062,178.1999969482422,174.5386505126953,59773000
